DateTime,Name,Country,Volatility,Actual,Previous,Consensus
9/11/2017 0:01,RICS Housing Price Balance,United Kingdom,2,1,6,4
9/11/2017 9:00,Economic Bulletin,European Monetary Union,2,,,
9/11/2017 10:00,European Commission Releases Economic Growth Forecasts,European Monetary Union,2,,,
9/11/2017 13:30,Continuing Jobless Claims,United States,2,1.901,1.884,1.89
9/11/2017 13:45,ECB Vice President Vitor Constancio speech,European Monetary Union,2,,,
9/11/2017 15:00,Wholesale Inventories,United States,1,0.3,0.3,0.3
9/11/2017 15:30,EIA Natural Gas Storage change,United States,1,15,65,15
9/11/2017 18:00,30-Year Bond Auction,United States,1,2.801,2.87,
9/11/2017 18:20,ECB's Lautenschläger Speech,European Monetary Union,2,,,
10/11/2017 0:00,Veterans Day (Observed),United States,0,,,
10/11/2017 9:30,Industrial Production (MoM),United Kingdom,2,0.7,0.2,0.3
10/11/2017 13:00,NIESR GDP Estimate (3M),United Kingdom,2,0.5,0.4,
10/11/2017 15:00,Michigan Consumer Sentiment Index,United States,1,97.8,100.7,100.7
10/11/2017 18:00,Baker Hughes US Oil Rig Count,United States,2,738,729,
11/11/2017 0:00,Veterans Day,United States,0,,,
11/13/2017 00:01:00,Rightmove House Price Index (YoY),United Kingdom,1,1.1,1.4,
11/13/2017 00:10:00,FOMC Member Harker Speech,United States,2,,,
11/13/2017 09:00:00,ECB Vice President Vitor Constancio speech,European Monetary Union,2,,,
11/13/2017 16:30:00,3-Month Bill Auction,United States,1,1.24,1.185,
11/13/2017 19:00:00,Monthly Budget Statement,United States,2,-63,8,-50
11/13/2017 20:30:00,CFTC Oil NC net positions,United States,1,545.2,502.9,
11/14/2017 08:05:00,Fed's Evans Speech,United States,2,,,
11/14/2017 09:00:00,ECB's Lautenschläger Speech,European Monetary Union,2,,,
11/14/2017 09:30:00,Retail Price Index (MoM),United Kingdom,1,0.1,0.1,0.2
11/14/2017 10:00:00,Gross Domestic Product s.a. (QoQ),European Monetary Union,3,0.6,0.6,0.6
11/14/2017 11:00:00,NFIB Business Optimism Index,United States,1,103.8,103,104.2
11/14/2017 13:15:00,Fed's Bullard speech,United States,2,,,
11/14/2017 13:30:00,Producer Price Index (MoM),United States,1,0.4,0.4,0.1
11/14/2017 13:55:00,Redbook index (MoM),United States,1,-1.2,-1,
11/14/2017 16:30:00,4-Week Bill Auction,United States,1,1.045,1.035,
11/14/2017 17:30:00,MPC Member Cunliffe Speech,United Kingdom,2,,,
11/14/2017 21:30:00,API Weekly Crude Oil Stock,United States,1,6.513,-1.562,
11/15/2017 08:00:00,Fed's Evans Speech,United States,1,,,
11/15/2017 09:30:00,Average Earnings excluding Bonus (3Mo/Yr),United Kingdom,3,2.2,2.1,2.2
11/15/2017 10:00:00,Trade Balance n.s.a.,European Monetary Union,2,26.4,16.1,
11/15/2017 12:00:00,MBA Mortgage Applications,United States,1,3.1,0,
11/15/2017 13:00:00,MPC Member Broadbent Speech,United Kingdom,2,,,
11/15/2017 13:30:00,NY Empire State Manufacturing Index,United States,1,19.4,30.2,26
11/15/2017 15:00:00,Business Inventories,United States,1,0,0.7,0
11/15/2017 15:30:00,EIA Crude Oil Stocks change,United States,2,1.854,2.237,-2.2
11/15/2017 21:00:00,Total Net TIC Flows,United States,1,-51.3,125,
11/16/2017 09:30:00,Retail Sales (MoM),United Kingdom,2,0.3,-0.8,0.1
11/16/2017 10:00:00,Consumer Price Index (YoY),European Monetary Union,3,1.4,1.4,1.4
11/16/2017 11:32:43,10-y Bond Auction,United Kingdom,1,1.34,1.32,
11/16/2017 13:30:00,Continuing Jobless Claims,United States,2,1.86,1.901,1.895
11/16/2017 14:00:00,BOE's Governor Carney speech,United Kingdom,3,,,
11/16/2017 14:10:00,FOMC Member Mester speech,United States,2,,,
11/16/2017 14:15:00,Capacity Utilization,United States,2,77,76,76.3
11/16/2017 14:30:00,FOMC Member Brainard Speech,United States,2,,,
11/16/2017 15:00:00,NAHB Housing Market Index,United States,2,70,68,68
11/16/2017 15:30:00,EIA Natural Gas Storage change,United States,1,-18,15,-15
11/16/2017 17:30:00,FOMC Member Kaplan Speech,United States,2,,,
11/16/2017 20:00:00,ECB Vice President Vitor Constancio speech,European Monetary Union,2,,,
11/16/2017 21:45:00,FOMC Member Williams speech,United States,2,,,
11/17/2017 08:30:00,ECB President Draghi's Speech,European Monetary Union,3,,,
11/17/2017 09:00:00,Current Account n.s.a,European Monetary Union,1,41.8,29.6,
11/17/2017 10:00:00,Construction Output w.d.a (YoY),European Monetary Union,1,3.1,1.6,
11/17/2017 13:30:00,Building Permits Change,United States,2,5.9,-4.5,2
11/17/2017 16:00:00,Kansas Fed manufacturing activity,United States,1,15,20,
11/17/2017 18:00:00,Baker Hughes US Oil Rig Count,United States,2,738,738,
11/17/2017 20:30:00,CFTC Oil NC net positions,United States,1,596.5,545.2,
11/20/2017 10:30:00,ECB President Draghi's Speech,European Monetary Union,3,,,
11/20/2017 12:15:00,ECB's Lautenschläger Speech,European Monetary Union,2,,,
11/20/2017 14:00:00,ECB President Draghi's Speech,European Monetary Union,3,,,
11/20/2017 14:15:00,ECB Vice President Vitor Constancio speech,European Monetary Union,2,,,
11/20/2017 16:00:00,ECB President Draghi's Speech,European Monetary Union,3,,,
11/20/2017 16:30:00,3-Month Bill Auction,United States,1,1.285,1.24,
11/20/2017 18:30:00,BOE Ramsden Speech,United Kingdom,2,,,
11/21/2017 09:30:00,Public Sector Net Borrowing,United Kingdom,2,7.464,5.326,6.6
11/21/2017 10:00:00,Inflation Report Hearings,United Kingdom,2,,,
11/21/2017 11:00:00,CBI Industrial Trends Survey - Orders (MoM),United Kingdom,1,17,-2,3
11/21/2017 13:30:00,Chicago Fed National Activity Index ,United States,2,0.65,0.17,0.2
11/21/2017 13:55:00,Redbook index (YoY),United States,1,4.1,2.3,
11/21/2017 15:00:00,Existing Home Sales (MoM),United States,1,5.48,5.39,5.43
11/21/2017 16:30:00,4-Week Bill Auction,United States,1,1.13,1.045,
11/21/2017 18:00:00,FOMC Member Powell Speech,United States,2,,,
11/21/2017 21:35:00,API Weekly Crude Oil Stock,United States,1,-6.356,6.513,
11/21/2017 23:00:00,Fed's Yellen Speech,United States,2,,,
11/22/2017 08:00:00,Non-monetary policy's ECB meeting,European Monetary Union,2,,,
11/22/2017 12:00:00,MBA Mortgage Applications,United States,1,0.1,3.1,
11/22/2017 12:30:00,Autumn Forecast Statement,United Kingdom,2,,,
11/22/2017 13:30:00,Initial Jobless Claims,United States,2,239,249,240
11/22/2017 15:00:00,Michigan Consumer Sentiment Index,United States,1,98.5,97.8,98
11/22/2017 15:30:00,EIA Crude Oil Stocks change,United States,2,-1.855,1.854,-2.167
11/22/2017 17:00:00,EIA Natural Gas Storage change,United States,1,-46,-18,-51
11/22/2017 18:00:00,Baker Hughes US Oil Rig Count,United States,2,747,738,
11/22/2017 19:00:00,FOMC Minutes,United States,3,,,
11/23/2017 00:00:00,Thanksgiving day,United States,0,,,
11/23/2017 08:35:00,ECB's Praet Speech,European Monetary Union,2,,,
11/23/2017 09:00:00,Markit Services PMI,European Monetary Union,2,56.2,55,55.1
11/23/2017 09:30:00,Gross Domestic Product (YoY),United Kingdom,2,1.5,1.5,1.5
11/23/2017 11:00:00,CBI Distributive Trades Survey - Realized (MoM),United Kingdom,1,26,-36,5
11/23/2017 12:30:00,ECB Monetary Policy Meeting Accounts,European Monetary Union,3,,,
11/23/2017 18:15:00,ECB Cœuré Speech,European Monetary Union,2,,,
11/24/2017 09:30:00,BBA Mortgage Approvals,United Kingdom,1,40.488,41.584,40.9
11/24/2017 12:30:00,ECB Vice President Vitor Constancio speech,European Monetary Union,2,,,
11/24/2017 14:45:00,Markit Manufacturing PMI,United States,2,53.8,54.6,54.8
11/24/2017 18:15:00,ECB Cœuré Speech,European Monetary Union,2,,,
11/27/2017 15:00:00,New Home Sales (MoM),United States,2,0.685,0.667,0.625
11/27/2017 15:30:00,Dallas Fed Manufacturing Business Index,United States,2,19.4,27.6,24
11/27/2017 16:30:00,3-Month Bill Auction,United States,1,1.285,1.285,
11/27/2017 18:00:00,5-Year Note Auction,United States,1,2.066,2.058,
11/27/2017 20:30:00,CFTC Gold NC net positions,United States,1,201.8,195.1,
11/27/2017 22:30:00,FOMC Member Kashkari Speech,United States,2,,,
11/28/2017 00:00:00,Fed's William Dudley speech,United States,2,,,
11/28/2017 07:00:00,FPC Statement,United Kingdom,1,,,
11/28/2017 07:30:00,BOE's Governor Carney speech,United Kingdom,3,,,
11/28/2017 09:00:00,M3 Money Supply (YoY),European Monetary Union,1,5,5.1,5.1
11/28/2017 13:30:00,Wholesale Inventories,United States,1,-0.4,0.3,0.5
11/28/2017 13:55:00,Redbook index (MoM),United States,1,-0.2,-0.7,
11/28/2017 14:00:00,S&P/Case-Shiller Home Price Indices (YoY),United States,2,6.2,5.9,6.1
11/28/2017 14:15:00,Fed's William Dudley speech,United States,2,,,
11/28/2017 14:45:00,FOMC Member Powell Speech,United States,2,,,
11/28/2017 15:00:00,Richmond Fed Manufacturing Index,United States,1,30,12,14
11/28/2017 15:15:00,FOMC Member Harker Speech,United States,2,,,
11/28/2017 16:30:00,4-Week Bill Auction,United States,1,1.17,1.13,
11/28/2017 18:00:00,FOMC Member Powell Speech,United States,2,,,
11/28/2017 20:45:00,Treasury Sec Mnuchin Speech,United States,3,,,
11/28/2017 21:30:00,API Weekly Crude Oil Stock,United States,1,1.821,-6.356,
11/29/2017 00:01:00,BRC Shop Price Index (YoY),United Kingdom,1,-0.1,-0.1,
11/29/2017 08:00:00,EU Financial Stability Review,European Monetary Union,2,,,
11/29/2017 09:30:00,Net Lending to Individuals (MoM),United Kingdom,1,4.8,5.5,4.3
11/29/2017 10:00:00,Industrial Confidence,European Monetary Union,2,8.2,7.9,8.7
11/29/2017 12:00:00,MBA Mortgage Applications,United States,1,-3.1,0.1,
11/29/2017 13:30:00,Gross Domestic Product Price Index,United States,2,2.1,2.1,2.2
11/29/2017 14:00:00,BOE's Governor Carney speech,United Kingdom,3,,,
11/29/2017 14:45:00,BOE Ramsden Speech,United Kingdom,2,,,
11/29/2017 15:00:00,Pending Home Sales (YoY),United States,2,1.2,-5.4,
11/29/2017 15:30:00,EIA Crude Oil Stocks change,United States,2,-3.429,-1.855,-2.301
11/29/2017 17:45:00,FOMC Member Williams speech,United States,2,,,
11/29/2017 19:00:00,Fed's Beige Book,United States,2,,,
11/30/2017 00:01:00,Gfk Consumer Confidence,United Kingdom,2,-12,-10,-11
11/30/2017 07:00:00,Nationwide Housing Prices s.a (MoM),United Kingdom,1,0.1,0.2,0.2
11/30/2017 10:00:00,Unemployment Rate,European Monetary Union,2,8.8,8.9,8.9
11/30/2017 11:00:00,OPEC meeting,United States,2,,,
11/30/2017 13:30:00,Personal Income (MoM),United States,2,0.4,0.4,0.3
11/30/2017 14:45:00,Chicago Purchasing Managers' Index,United States,2,63.9,66.2,63
11/30/2017 15:30:00,EIA Natural Gas Storage change,United States,1,-33,-46,-37
11/30/2017 18:00:00,FOMC Member Kaplan Speech,United States,2,,,
1/12/2017 9:00,Markit Manufacturing PMI,European Monetary Union,2,60.1,60,60
1/12/2017 9:30,Markit Manufacturing PMI,United Kingdom,2,58.2,56.3,56.5
1/12/2017 14:05,Fed's Bullard speech,United States,2,,,
1/12/2017 14:30,FOMC Member Kaplan Speech,United States,2,,,
1/12/2017 14:45,Markit Manufacturing PMI,United States,2,53.9,53.8,53.8
1/12/2017 15:00,ISM Prices Paid,United States,3,65.5,68.5,67
1/12/2017 15:15,FOMC Member Harker Speech,United States,2,,,
1/12/2017 18:00,Baker Hughes US Oil Rig Count,United States,2,749,747,
1/12/2017 20:30,CFTC USD NC net positions,United States,1,112.5,124.2,
4/12/2017 9:30,Sentix Investor Confidence,European Monetary Union,1,31.1,34,33.6
4/12/2017 10:00,Eurogroup meeting,European Monetary Union,2,,,
4/12/2017 14:45,ISM NY index - Business Conditions,United States,1,58.1,51.6,
4/12/2017 15:00,Factory Orders (MoM),United States,2,-0.1,1.4,-0.4
4/12/2017 16:30,3-Month Bill Auction,United States,1,1.29,1.285,
5/12/2017 0:01,BRC Like-For-Like Retail Sales (YoY),United Kingdom,2,0.6,-1,
5/12/2017 9:00,Markit Services PMI,European Monetary Union,2,56.2,56.2,56.2
5/12/2017 9:30,FPC Statement,United Kingdom,1,,,
5/12/2017 10:00,EU Finance Ministers meeting,European Monetary Union,2,,,
5/12/2017 13:30,Trade Balance,United States,2,-48.7,-43.5,-47.5
5/12/2017 13:55,Redbook index (YoY),United States,1,3,4.8,
5/12/2017 14:00,EcoFin Meeting,European Monetary Union,2,,,
5/12/2017 14:45,Markit Services PMI,United States,2,54.5,54.7,55.4
5/12/2017 15:00,ISM Non-Manufacturing PMI,United States,2,57.4,60.1,59
5/12/2017 16:30,52-Week Bill auction,United States,1,1.65,1.485,
5/12/2017 21:30,API Weekly Crude Oil Stock,United States,1,-5.481,1.821,
6/12/2017 8:00,Non-monetary policy's ECB meeting,European Monetary Union,3,,,
6/12/2017 10:30,ECB's Mersch speech,European Monetary Union,1,,,
6/12/2017 12:00,MBA Mortgage Applications,United States,1,4.7,-3.1,
6/12/2017 13:15,ADP Employment Change,United States,2,190,235,185
6/12/2017 13:30,Unit Labor Costs,United States,2,-0.2,0.5,0.2
6/12/2017 15:00,IBD/TIPP Economic Optimism (MoM),United States,1,51.9,53.6,54.6
6/12/2017 15:30,EIA Crude Oil Stocks change,United States,2,-5.61,-3.429,-3.404
7/12/2017 8:30,Halifax House Prices (MoM),United Kingdom,1,0.5,0.3,0.2
7/12/2017 10:00,Gross Domestic Product s.a. (YoY),European Monetary Union,3,2.6,2.5,2.5
7/12/2017 11:00,30-y Bond Auction,United Kingdom,1,1.81,1.87,
7/12/2017 12:30,Challenger Job Cuts (YoY),United States,1,35.038,29.831,
7/12/2017 13:30,Continuing Jobless Claims,United States,2,1.908,1.957,1.908
7/12/2017 15:30,EIA Natural Gas Storage change,United States,1,2,-33,-7
7/12/2017 16:00,ECB President Draghi's Speech,European Monetary Union,3,,,
7/12/2017 20:00,Consumer Credit Change,United States,2,20.52,20.83,17.5
8/12/2017 9:30,Consumer Inflation Expectations,United Kingdom,1,2.9,2.8,
8/12/2017 13:00,NIESR GDP Estimate (3M),United Kingdom,2,0.5,0.5,0.4
8/12/2017 13:30,Average Hourly Earnings (YoY),United States,2,2.5,2.4,2.7
8/12/2017 15:00,Michigan Consumer Sentiment Index,United States,1,96.8,98.5,99
8/12/2017 18:00,Baker Hughes US Oil Rig Count,United States,2,751,749,
8/12/2017 20:30,CFTC USD NC net positions,United States,1,166.9,112.5,
11/12/2017 0:01,Rightmove House Price Index (YoY),United Kingdom,1,1.2,1.1,
11/12/2017 15:00,JOLTS Job Openings,United States,1,5.996,6.093,6.09
11/12/2017 16:30,3-Month Bill Auction,United States,1,1.32,1.29,
11/12/2017 18:00,3-Year Note Auction,United States,1,1.932,1.75,
12/12/2017 9:30,Retail Price Index (MoM),United Kingdom,1,0.2,0.1,0.3
12/12/2017 10:00,ZEW Survey - Economic Sentiment,European Monetary Union,1,29,30.9,30.2
12/12/2017 11:00,NFIB Business Optimism Index,United States,1,107.5,103.8,104.6
12/12/2017 13:30,Producer Price Index (MoM),United States,1,0.4,0.4,0.3
12/12/2017 13:55,Redbook index (MoM),United States,1,-0.7,-0.9,
12/12/2017 16:30,4-Week Bill Auction,United States,1,1.24,1.18,
12/12/2017 18:00,30-Year Bond Auction,United States,1,2.804,2.801,
12/12/2017 19:00,ECB President Draghi's Speech,European Monetary Union,3,,,
12/12/2017 21:30,API Weekly Crude Oil Stock,United States,1,-7.382,-5.481,
12/13/2017 09:30:00,Average Earnings excluding Bonus (3Mo/Yr),United Kingdom,1,2.3,2.2,2.2
12/13/2017 10:00:00,Industrial Production w.d.a. (YoY),European Monetary Union,2,3.7,3.3,3.5
12/13/2017 12:00:00,MBA Mortgage Applications,United States,1,-2.3,4.7,
12/13/2017 13:30:00,Consumer Price Index Ex Food & Energy (MoM),United States,2,0.1,0.2,0.2
12/13/2017 15:30:00,EIA Crude Oil Stocks change,United States,2,-5.117,-5.61,-3.78
12/13/2017 19:00:00,FOMC Economic Projections,United States,3,,,
12/13/2017 19:30:00,FOMC Press conference,United States,3,,,
12/13/2017 20:00:00,President Trump Speech,United States,1,,,
12/13/2017 23:00:00,FOMC Member Brainard Speech,United States,2,,,
12/14/2017 00:01:00,RICS Housing Price Balance,United Kingdom,2,0,1,0
12/14/2017 09:00:00,Markit Services PMI,European Monetary Union,2,56.5,56.2,56
12/14/2017 09:30:00,Retail Sales ex-Fuel (YoY),United Kingdom,2,1.5,-0.3,0.4
12/14/2017 12:00:00,BoE Asset Purchase Facility,United Kingdom,3,435,435,435
12/14/2017 12:45:00,ECB Deposit Rate Decision,European Monetary Union,3,-0.4,-0.4,-0.4
12/14/2017 13:30:00,Retail Sales control group,United States,2,0.8,0.3,0.3
12/14/2017 14:45:00,Markit Manufacturing PMI,United States,2,55,53.9,54
12/14/2017 15:00:00,Business Inventories,United States,1,-0.1,0,-0.1
12/14/2017 15:30:00,EIA Natural Gas Storage change,United States,1,-69,2,-60
12/15/2017 10:00:00,Trade Balance n.s.a.,European Monetary Union,2,18.9,26.4,24.6
12/15/2017 12:00:00,BoE Quarterly Bulletin,United Kingdom,1,,,
12/15/2017 13:15:00,MPC Member Haldane Speech,United Kingdom,2,,,
12/15/2017 13:30:00,NY Empire State Manufacturing Index,United States,1,18,19.4,18.6
12/15/2017 14:15:00,Capacity Utilization,United States,2,77.1,77,77.2
12/15/2017 18:00:00,Baker Hughes US Oil Rig Count,United States,2,747,751,
12/15/2017 20:30:00,CFTC Gold NC net positions,United States,1,107.1,173.3,159.2
12/15/2017 21:00:00,Total Net TIC Flows,United States,1,151.2,-51.3,33.3
12/18/2017 10:00:00,Consumer Price Index (YoY),European Monetary Union,3,1.5,1.5,1.5
12/18/2017 11:00:00,CBI Industrial Trends Survey - Orders (MoM),United Kingdom,1,17,17,14
12/18/2017 15:00:00,NAHB Housing Market Index,United States,2,74,70,70
12/18/2017 16:30:00,3-Month Bill Auction,United States,1,1.355,1.32,
12/19/2017 10:00:00,Labour cost,European Monetary Union,2,1.6,1.8,2
12/19/2017 13:30:00,Building Permits Change,United States,2,-1.4,5.9,-4.9
12/19/2017 13:55:00,Redbook index (YoY),United States,1,4.4,3.3,
12/19/2017 15:00:00,FOMC Member Kashkari Speech,United States,2,,,
12/19/2017 21:30:00,API Weekly Crude Oil Stock,United States,1,-5.222,-7.382,
12/20/2017 09:00:00,Current Account n.s.a,European Monetary Union,1,35.9,41.8,
12/20/2017 11:00:00,CBI Distributive Trades Survey - Realized (MoM),United Kingdom,1,20,26,20
12/20/2017 12:00:00,MBA Mortgage Applications,United States,1,-4.9,-2.3,
12/20/2017 13:15:00,BOE's Governor Carney speech,United Kingdom,3,,,
12/20/2017 15:00:00,Existing Home Sales Change (MoM),United States,1,5.6,2,0.9
12/20/2017 15:30:00,EIA Crude Oil Stocks change,United States,2,-6.495,-5.117,-3.769
12/20/2017 17:00:00,President Trump Speech,United States,2,,,
12/21/2017 00:01:00,Gfk Consumer Confidence,United Kingdom,2,-13,-12,-12
12/21/2017 09:30:00,Public Sector Net Borrowing,United Kingdom,2,8.118,7.464,8.3
12/21/2017 13:30:00,Chicago Fed National Activity Index ,United States,2,0.15,0.65,0.09
12/21/2017 14:00:00,Housing Price Index (MoM),United States,2,0.5,0.3,0.4
12/21/2017 15:00:00,Consumer Confidence,European Monetary Union,2,0.5,0.1,0.2
12/21/2017 15:30:00,EIA Natural Gas Storage change,United States,1,-182,-69,-170
12/22/2017 00:00:00,US Government Shutdown Limit,United States,3,,,
12/22/2017 09:30:00,Gross Domestic Product (YoY),United Kingdom,2,1.7,1.5,1.5
12/22/2017 13:30:00,Personal Income (MoM),United States,2,0.3,0.4,0.4
12/22/2017 15:00:00,Michigan Consumer Sentiment Index,United States,1,95.9,96.8,97.1
12/22/2017 16:00:00,Kansas Fed manufacturing activity,United States,1,21,15,
12/22/2017 18:00:00,Baker Hughes US Oil Rig Count,United States,2,747,747,
12/22/2017 20:30:00,CFTC Oil NC net positions,United States,1,601.8,614.5,638.2
12/25/2017 00:00:00,Christmas Day,United Kingdom,0,,,
12/26/2017 00:00:00,Boxing Day,United Kingdom,0,,,
12/26/2017 14:00:00,S&P/Case-Shiller Home Price Indices (YoY),United States,2,6.4,6.2,6.3
12/26/2017 15:00:00,Richmond Fed Manufacturing Index,United States,1,20,30,22
12/26/2017 15:30:00,Dallas Fed Manufacturing Business Index,United States,2,29.7,19.4,20
12/26/2017 16:30:00,4-Week Bill Auction,United States,1,1.245,1.24,
12/26/2017 18:00:00,2-Year Note Auction,United States,1,1.922,1.765,
12/27/2017 13:55:00,Redbook index (MoM),United States,1,0.1,-0.4,
12/27/2017 15:00:00,Pending Home Sales (YoY),United States,2,0.6,1.2,
12/27/2017 18:00:00,5-Year Note Auction,United States,1,2.245,2.066,
12/27/2017 21:30:00,API Weekly Crude Oil Stock,United States,1,-6,-5.222,
12/28/2017 09:00:00,Economic Bulletin,European Monetary Union,2,,,
12/28/2017 09:30:00,BBA Mortgage Approvals,United Kingdom,1,39.507,40.488,40.472
12/28/2017 13:30:00,Initial Jobless Claims,United States,2,245,245,240
12/28/2017 14:45:00,Chicago Purchasing Managers' Index,United States,2,67.6,63.9,62
12/28/2017 15:30:00,EIA Natural Gas Storage change,United States,1,-112,-182,-113
12/28/2017 16:00:00,EIA Crude Oil Stocks change,United States,2,-4.609,-6.495,-3.97
12/28/2017 18:00:00,7-Year Note Auction,United States,1,2.37,2.23,
12/29/2017 09:00:00,M3 Money Supply (YoY),European Monetary Union,1,4.9,5,4.8
12/29/2017 18:00:00,Baker Hughes US Oil Rig Count,United States,2,747,747,
12/29/2017 20:30:00,CFTC USD NC net positions,United States,1,104.7,83.2,92.4
1/1/2018 0:00,New Year's Day,United Kingdom,0,,,
2/1/2018 9:00,Markit Manufacturing PMI,European Monetary Union,2,60.6,60.6,60.6
2/1/2018 9:30,Markit Manufacturing PMI,United Kingdom,2,56.3,58.2,58
2/1/2018 14:45,Markit Manufacturing PMI,United States,2,55.1,55,55
2/1/2018 16:30,4-Week Bill Auction,United States,1,1.27,1.245,
2/1/2018 18:00,52-Week Bill auction,United States,1,1.78,1.65,
3/1/2018 9:30,PMI Construction,United Kingdom,2,52.2,53.1,52.5
3/1/2018 12:00,MBA Mortgage Applications,United States,1,0.7,-4.9,
3/1/2018 13:55,Redbook index (MoM),United States,1,0.3,0.1,
3/1/2018 14:45,ISM NY index - Business Conditions,United States,1,56.3,58.1,
3/1/2018 15:00,ISM Manufacturing PMI,United States,3,59.7,58.2,58.1
3/1/2018 19:00,FOMC Minutes,United States,3,,,
3/1/2018 20:30,Total Vehicle Sales,United States,1,17.9,17.5,17.5
3/1/2018 21:30,API Weekly Crude Oil Stock,United States,1,-4.992,-6,
4/1/2018 7:00,Nationwide Housing Prices n.s.a (YoY),United Kingdom,1,2.6,2.5,2
4/1/2018 9:00,Markit Services PMI,European Monetary Union,2,56.6,56.5,56.5
4/1/2018 9:30,Net Lending to Individuals (MoM),United Kingdom,1,4.9,4.8,4.9
4/1/2018 12:30,Challenger Job Cuts (YoY),United States,1,32.423,35.038,
4/1/2018 13:15,ADP Employment Change,United States,2,250,190,190
4/1/2018 13:30,Continuing Jobless Claims,United States,2,1.914,1.943,1.925
4/1/2018 14:45,Markit Services PMI,United States,2,53.7,52.4,52.4
4/1/2018 15:30,EIA Natural Gas Storage change,United States,1,-206,-112,-221
4/1/2018 16:00,EIA Crude Oil Stocks change,United States,1,-7.419,-4.609,-5.182
4/1/2018 18:30,Fed's Bullard speech,United States,1,,,
5/1/2018 0:01,BRC Shop Price Index (YoY),United Kingdom,1,-0.6,-0.1,
5/1/2018 10:00,Consumer Price Index (YoY),European Monetary Union,3,1.4,1.5,1.4
5/1/2018 13:00,FOMC Member Harker Speech,United States,2,,,
5/1/2018 13:30,Average Weekly Hours,United States,2,34.5,34.5,34.5
5/1/2018 15:00,ISM Non-Manufacturing PMI,United States,2,55.9,57.4,57.6
5/1/2018 15:15,FOMC Member Harker Speech,United States,2,,,
5/1/2018 17:30,FOMC Member Mester speech,United States,2,,,
5/1/2018 18:00,Baker Hughes US Oil Rig Count,United States,2,742,747,
5/1/2018 19:30,MPC Member Haldane Speech,United Kingdom,2,,,
5/1/2018 20:30,CFTC GBP NC net positions,United Kingdom,1,16.2,12.7,13.4
8/1/2018 8:30,Halifax House Prices (MoM),United Kingdom,1,-0.6,0.5,0.2
8/1/2018 9:30,Sentix Investor Confidence,European Monetary Union,1,32.9,31.1,31.5
8/1/2018 10:00,Industrial Confidence,European Monetary Union,2,9.1,8.2,8.4
8/1/2018 16:30,3-Month Bill Auction,United States,1,1.43,1.435,
8/1/2018 17:40,FOMC Member Bostic speech,United States,2,,,
8/1/2018 18:35,FOMC Member Williams speech,United States,2,,,
8/1/2018 20:00,Consumer Credit Change,United States,2,27.95,20.52,19.75
8/1/2018 21:00,Federal Reserve Bank of Boston President Rosengren Speech,United States,2,,,
9/1/2018 0:01,BRC Like-For-Like Retail Sales (YoY),United Kingdom,2,0.6,0.6,0.4
9/1/2018 8:00,Non-monetary policy's ECB meeting,European Monetary Union,3,,,
9/1/2018 10:00,Unemployment Rate,European Monetary Union,2,8.7,8.8,8.7
9/1/2018 10:59,10-y Bond Auction,United Kingdom,1,1.29,1.34,
9/1/2018 11:00,NFIB Business Optimism Index,United States,1,104.9,107.5,108.4
9/1/2018 13:55,Redbook index (YoY),United States,1,3.4,5,
9/1/2018 15:00,JOLTS Job Openings,United States,1,5.879,5.996,6.038
9/1/2018 16:30,4-Week Bill Auction,United States,1,1.28,1.27,
9/1/2018 18:00,3-Year Note Auction,United States,1,2.08,1.932,
9/1/2018 21:30,API Weekly Crude Oil Stock,United States,1,-11.19,-4.992,
10/1/2018 9:30,Industrial Production (MoM),United Kingdom,2,0.4,0,0.3
10/1/2018 12:00,MBA Mortgage Applications,United States,1,8.3,0.7,
10/1/2018 13:00,NIESR GDP Estimate (3M),United Kingdom,2,0.6,0.5,0.5
10/1/2018 13:30,Export Price Index (YoY),United States,1,2.6,3.1,2.3
10/1/2018 14:00,Fed's Evans Speech,United States,1,,,
10/1/2018 15:00,Wholesale Inventories,United States,1,0.8,0.7,0.7
10/1/2018 15:30,EIA Crude Oil Stocks change,United States,1,-4.948,-7.419,-3.89
10/1/2018 18:20,10-Year Note Auction,United States,2,2.579,2.384,
10/1/2018 18:30,Fed's Bullard speech,United States,2,,,
11/1/2018 9:30,BOE Credit Conditions Survey,United Kingdom,2,,,
11/1/2018 10:00,Industrial Production w.d.a. (YoY),European Monetary Union,2,3.2,3.7,3
11/1/2018 12:30,ECB Monetary Policy Meeting Accounts,European Monetary Union,3,,,
11/1/2018 13:30,Producer Price Index (MoM),United States,1,-0.1,0.4,0.2
11/1/2018 15:30,EIA Natural Gas Storage change,United States,1,-359,-206,-318
11/1/2018 18:00,30-Year Bond Auction,United States,1,2.867,2.804,
11/1/2018 19:00,Monthly Budget Statement,United States,2,-23,-139,-40
11/1/2018 20:30,Fed's William Dudley speech,United States,2,,,
12/1/2018 13:30,Retail Sales control group,United States,2,0.3,0.8,0.4
12/1/2018 15:00,Business Inventories,United States,1,0.4,-0.1,0.3
12/1/2018 15:43,IBD/TIPP Economic Optimism (MoM),United States,1,55.1,51.9,52.3
12/1/2018 18:00,Baker Hughes US Oil Rig Count,United States,2,752,742,
12/1/2018 19:30,CFTC Gold NC net positions,United States,1,203.3,163.3,208.9
12/1/2018 21:15,Federal Reserve Bank of Boston President Rosengren Speech,United States,2,,,
01/15/2018 00:00:00,Martin L. King's Birthday,United States,0,,,
01/15/2018 00:01:00,Rightmove House Price Index (YoY),United Kingdom,1,1.1,1.2,
01/15/2018 10:00:00,Trade Balance n.s.a.,European Monetary Union,2,26.3,18.9,28.2
01/15/2018 18:15:00,MPC Member Tenreyro Speech,United Kingdom,2,,,
01/16/2018 09:30:00,Retail Price Index (MoM),United Kingdom,1,0.8,0.2,0.6
01/16/2018 13:30:00,NY Empire State Manufacturing Index,United States,1,17.7,18,18
01/16/2018 16:30:00,4-Week Bill Auction,United States,1,1.295,1.28,
01/17/2018 10:00:00,Consumer Price Index (YoY),European Monetary Union,3,1.4,1.4,1.4
01/17/2018 11:45:00,MPC Member Saunders Speech,United Kingdom,2,,,
01/17/2018 12:00:00,MBA Mortgage Applications,United States,1,4.1,8.3,
01/17/2018 13:55:00,Redbook index (MoM),United States,1,-0.3,0.1,
01/17/2018 14:15:00,Capacity Utilization,United States,2,77.9,77.1,77.3
01/17/2018 15:00:00,NAHB Housing Market Index,United States,2,72,74,72
01/17/2018 19:00:00,Fed's Beige Book,United States,2,,,
01/17/2018 20:00:00,Fed's Evans Speech,United States,1,,,
01/17/2018 20:15:00,FOMC Member Kaplan Speech,United States,2,,,
01/17/2018 21:00:00,Total Net TIC Flows,United States,1,33.8,151.2,31.3
01/17/2018 21:30:00,FOMC Member Mester speech,United States,2,,,
01/18/2018 00:01:00,RICS Housing Price Balance,United Kingdom,2,8,0,0
01/18/2018 13:30:00,Building Permits Change,United States,2,-0.1,-1.4,-1
01/18/2018 14:30:00,ECB Cœuré Speech,European Monetary Union,2,,,
01/18/2018 15:30:00,EIA Natural Gas Storage change,United States,1,-183,-359,-199
01/18/2018 16:00:00,EIA Crude Oil Stocks change,United States,1,-6.861,-4.948,-3.588
01/18/2018 18:21:04,10-Year Note Auction,United States,1,2.579,2.579,
01/19/2018 09:00:00,Current Account s.a,European Monetary Union,1,32.5,30.8,31.3
01/19/2018 09:30:00,Retail Sales ex-Fuel (YoY),United Kingdom,2,1.3,1.5,3
01/19/2018 15:00:00,Michigan Consumer Sentiment Index,United States,1,94.4,95.9,97
01/19/2018 17:15:00,Fed's Quarles speech,United States,2,,,
01/19/2018 18:00:00,Baker Hughes US Oil Rig Count,United States,2,747,752,
01/19/2018 20:30:00,CFTC USD NC net positions,United States,1,122.5,77.4,124.1
01/22/2018 00:00:00,Eurogroup meeting,European Monetary Union,2,,,
01/22/2018 13:30:00,Chicago Fed National Activity Index ,United States,2,0.27,0.15,0.44
01/22/2018 16:30:00,3-Month Bill Auction,United States,1,1.43,1.43,
01/23/2018 00:00:00,EcoFin Meeting,European Monetary Union,2,,,
01/23/2018 09:30:00,Public Sector Net Borrowing,United Kingdom,2,0.979,8.118,4.4
01/23/2018 10:00:00,ZEW Survey - Economic Sentiment,European Monetary Union,1,31.8,29,29.7
01/23/2018 11:00:00,CBI Industrial Trends Survey - Orders (MoM),United Kingdom,1,14,17,13
01/23/2018 13:55:00,Redbook index (YoY),United States,1,3.8,2.6,
01/23/2018 15:00:00,Consumer Confidence,European Monetary Union,2,1.3,0.5,0.6
01/23/2018 16:30:00,4-Week Bill Auction,United States,1,1.23,1.295,
01/23/2018 18:00:00,2-Year Note Auction,United States,1,2.066,1.922,
01/23/2018 21:30:00,API Weekly Crude Oil Stock,United States,1,4.755,-5.121,
01/23/2018 23:30:00,Fed's Evans Speech,United States,1,,,
01/24/2018 09:00:00,Markit Manufacturing PMI,European Monetary Union,2,59.6,60.6,60.3
01/24/2018 09:30:00,Average Earnings excluding Bonus (3Mo/Yr),United Kingdom,2,2.4,2.3,2.3
01/24/2018 12:00:00,MBA Mortgage Applications,United States,1,4.5,4.1,
01/24/2018 14:00:00,Housing Price Index (MoM),United States,2,0.4,0.5,0.3
01/24/2018 14:45:00,Markit Manufacturing PMI,United States,2,55.5,55.1,55
01/24/2018 15:00:00,Existing Home Sales Change (MoM),United States,1,-3.6,5.6,-2.2
01/24/2018 15:30:00,EIA Crude Oil Stocks change,United States,1,-1.071,-6.861,-1.6
01/24/2018 18:00:00,5-Year Note Auction,United States,1,2.434,2.245,
01/25/2018 00:00:00,EcoFin Meeting,European Monetary Union,2,,,
01/25/2018 09:30:00,BBA Mortgage Approvals,United Kingdom,1,36.115,39.507,39.7
01/25/2018 11:00:00,CBI Distributive Trades Survey - Realized (MoM),United Kingdom,1,12,20,12
01/25/2018 12:45:00,ECB Deposit Rate Decision,European Monetary Union,3,-0.4,-0.4,-0.4
01/25/2018 13:30:00,Continuing Jobless Claims,United States,2,1.937,1.952,1.925
01/25/2018 15:00:00,New Home Sales (MoM),United States,2,0.625,0.733,0.679
01/25/2018 15:30:00,EIA Natural Gas Storage change,United States,1,-288,-183,-272
01/25/2018 16:00:00,Kansas Fed manufacturing activity,United States,1,16,21,
01/25/2018 18:00:00,7-Year Note Auction,United States,1,2.565,2.37,
01/26/2018 09:00:00,M3 Money Supply (YoY),European Monetary Union,1,4.6,4.9,4.9
01/26/2018 09:30:00,Gross Domestic Product (YoY),United Kingdom,2,1.5,1.7,1.4
01/26/2018 10:00:00,ECB Cœuré Speech,European Monetary Union,2,,,
01/26/2018 13:00:00,Fed's Bullard speech,United States,2,,,
01/26/2018 13:30:00,Gross Domestic Product Price Index,United States,2,2.4,2.1,2.3
01/26/2018 14:00:00,BOE's Governor Carney speech,United Kingdom,3,,,
01/26/2018 18:00:00,Baker Hughes US Oil Rig Count,United States,2,759,747,
01/26/2018 20:30:00,CFTC USD NC net positions,United States,1,166.5,122.5,100
01/29/2018 10:00:00,ECB's Praet Speech,European Monetary Union,2,,,
01/29/2018 10:45:00,ECB's Lautenschläger Speech,European Monetary Union,2,,,
01/29/2018 13:30:00,Personal Consumption Expenditures - Price Index (MoM),United States,2,0.1,0.2,0
01/29/2018 15:30:00,Dallas Fed Manufacturing Business Index,United States,2,33.4,29.7,14.6
01/29/2018 16:00:00,ECB Cœuré Speech,European Monetary Union,2,,,
01/29/2018 16:30:00,3-Month Bill Auction,United States,1,1.425,1.43,
01/30/2018 09:30:00,Net Lending to Individuals (MoM),United Kingdom,1,5.2,4.9,4.8
01/30/2018 10:00:00,Gross Domestic Product s.a. (QoQ),European Monetary Union,3,0.6,0.6,0.6
01/30/2018 13:55:00,Redbook index (YoY),United States,1,3.2,3.8,
01/30/2018 14:00:00,S&P/Case-Shiller Home Price Indices (YoY),United States,2,6.4,6.4,6.4
01/30/2018 15:30:00,BOE's Governor Carney speech,United Kingdom,3,,,
01/30/2018 16:30:00,52-Week Bill auction,United States,1,1.83,1.78,
01/30/2018 21:30:00,API Weekly Crude Oil Stock,United States,1,3.229,4.755,
01/31/2018 00:01:00,Gfk Consumer Confidence,United Kingdom,2,-9,-13,-13
01/31/2018 02:00:00,President Trump Speech,United States,3,,,
01/31/2018 09:50:00,ECB Cœuré Speech,European Monetary Union,2,,,
01/31/2018 10:00:00,Unemployment Rate,European Monetary Union,2,8.7,8.7,8.7
01/31/2018 12:00:00,MBA Mortgage Applications,United States,1,-2.6,4.5,
01/31/2018 13:15:00,ADP Employment Change,United States,2,234,250,185
01/31/2018 13:30:00,Employment cost index,United States,1,0.6,0.7,0.6
01/31/2018 14:45:00,Chicago Purchasing Managers' Index,United States,2,65.7,67.6,64.1
01/31/2018 15:00:00,Pending Home Sales (YoY),United States,2,-1.8,0.6,-0.2
01/31/2018 15:30:00,EIA Crude Oil Stocks change,United States,1,6.776,-1.071,0.126
01/31/2018 19:00:00,Fed's Monetary Policy Statement,United States,3,,,
1/2/2018 7:00,Nationwide Housing Prices s.a (MoM),United Kingdom,1,0.6,0.6,0.2
1/2/2018 9:00,Markit Manufacturing PMI,European Monetary Union,2,59.6,59.6,59.6
1/2/2018 9:30,Markit Manufacturing PMI,United Kingdom,2,55.3,56.3,56.5
1/2/2018 12:30,Challenger Job Cuts (YoY),United States,1,44.653,32.423,
1/2/2018 13:30,Continuing Jobless Claims,United States,2,1.953,1.937,1.928
1/2/2018 14:45,Markit Manufacturing PMI,United States,2,55.5,55.5,54.9
1/2/2018 15:00,ISM Manufacturing PMI,United States,3,59.1,59.7,58.8
1/2/2018 15:30,EIA Natural Gas Storage change,United States,1,-99,-288,-104
1/2/2018 20:30,Total Vehicle Sales,United States,1,17.12,17.9,17.2
2/2/2018 9:30,PMI Construction,United Kingdom,2,50.2,52.2,52
2/2/2018 10:00,Producer Price Index (YoY),European Monetary Union,2,2.2,2.8,2.3
2/2/2018 13:30,Unemployment Rate,United States,3,4.1,4.1,4.1
2/2/2018 14:45,ISM NY index - Business Conditions,United States,1,72.5,56.3,
2/2/2018 15:00,Michigan Consumer Sentiment Index,United States,1,95.7,94.4,95
2/2/2018 18:00,Baker Hughes US Oil Rig Count,United States,2,765,759,758
2/2/2018 18:30,FOMC Member Kaplan Speech,United States,2,,,
2/2/2018 20:30,FOMC Member Williams speech,United States,2,,,
5/2/2018 9:00,Markit Services PMI,European Monetary Union,2,58,57.6,57.6
5/2/2018 9:30,Sentix Investor Confidence,European Monetary Union,1,31.9,32.9,33
5/2/2018 10:00,Retail Sales (MoM),European Monetary Union,1,-1.1,1.5,-1
5/2/2018 14:45,Markit Services PMI,United States,2,53.3,53.3,53.3
5/2/2018 15:00,ISM Non-Manufacturing PMI,United States,2,59.9,55.9,56.5
5/2/2018 16:00,ECB President Draghi's Speech,European Monetary Union,3,,,
5/2/2018 16:30,3-Month Bill Auction,United States,1,1.5,1.425,
5/2/2018 17:00,Loan Officer Survey,United States,1,,,
6/2/2018 0:01,BRC Like-For-Like Retail Sales (YoY),United Kingdom,2,0.6,0.6,0.6
6/2/2018 13:30,Trade Balance,United States,2,-53.1,-50.5,-52
6/2/2018 13:50,Fed's Bullard speech,United States,2,,,
6/2/2018 13:55,Redbook index (MoM),United States,1,0,0,
6/2/2018 15:00,JOLTS Job Openings,United States,1,5.811,5.879,5.9
6/2/2018 15:01,IBD/TIPP Economic Optimism (MoM),United States,1,56.7,55.1,55.4
6/2/2018 16:30,4-Week Bill Auction,United States,1,1.48,1.44,
6/2/2018 18:00,3-Year Note Auction,United States,1,2.28,2.08,
6/2/2018 21:30,API Weekly Crude Oil Stock,United States,1,-1.05,3.229,2.5
7/2/2018 8:00,Non-monetary policy's ECB meeting,European Monetary Union,3,,,
7/2/2018 8:30,Halifax House Prices (3m/YoY),United Kingdom,1,2.2,2.7,2.4
7/2/2018 9:00,ECB's Lautenschläger Speech,European Monetary Union,2,,,
7/2/2018 12:00,MBA Mortgage Applications,United States,1,0.7,-2.6,
7/2/2018 13:30,Fed's William Dudley speech,United States,2,,,
7/2/2018 15:15,Fed's Evans Speech,United States,1,,,
7/2/2018 15:30,EIA Crude Oil Stocks change,United States,1,1.895,6.776,3.189
7/2/2018 19:14,10-Year Note Auction,United States,1,2.811,2.579,
7/2/2018 20:00,Consumer Credit Change,United States,2,18.45,27.95,20
7/2/2018 20:40,FOMC Member Williams speech,United States,2,,,
7/2/2018 22:20,FOMC Member Williams speech,United States,2,,,
8/2/2018 0:01,RICS Housing Price Balance,United Kingdom,2,8,8,5
8/2/2018 9:00,Economic Bulletin,European Monetary Union,2,,,
8/2/2018 9:50,FOMC Member Kaplan Speech,United States,2,,,
8/2/2018 12:00,BoE Asset Purchase Facility,United Kingdom,3,435,435,435
8/2/2018 12:30,BOE's Governor Carney speech,United Kingdom,3,,,
8/2/2018 13:00,FOMC Member Harker Speech,United States,2,,,
8/2/2018 13:30,Continuing Jobless Claims,United States,2,1.923,1.953,1.945
8/2/2018 14:00,FOMC Member Kashkari Speech,United States,2,,,
8/2/2018 15:30,EIA Natural Gas Storage change,United States,1,-119,-99,-116
8/2/2018 18:00,30-Year Bond Auction,United States,1,3.121,2.867,
9/2/2018 9:30,Industrial Production (MoM),United Kingdom,2,-1.3,0.4,-0.9
9/2/2018 12:11,NIESR GDP Estimate (3M),United Kingdom,2,0.5,0.6,0.3
9/2/2018 15:00,Wholesale Inventories,United States,1,0.4,0.2,0.6
9/2/2018 16:45,MPC Member Cunliffe Speech,United Kingdom,2,,,
9/2/2018 18:00,Baker Hughes US Oil Rig Count,United States,2,791,765,
9/2/2018 20:30,CFTC USD NC net positions,United States,1,286.2,147.6,
12/2/2018 9:50,MPC Member Vlieghe speech,United Kingdom,2,,,
12/2/2018 16:30,3-Month Bill Auction,United States,1,1.57,1.5,
12/2/2018 19:00,Monthly Budget Statement,United States,2,49,-23,51
02/13/2018 09:30:00,Retail Price Index (MoM),United Kingdom,2,-0.8,0.8,-0.7
02/13/2018 11:00:00,NFIB Business Optimism Index,United States,1,106.9,104.9,106.2
02/13/2018 13:00:00,FOMC Member Mester speech,United States,2,,,
02/13/2018 13:55:00,Redbook index (MoM),United States,1,-1.1,0,
02/13/2018 16:30:00,4-Week Bill Auction,United States,1,1.36,1.48,
02/13/2018 21:30:00,API Weekly Crude Oil Stock,United States,1,3.94,-1.05,
02/14/2018 10:00:00,Gross Domestic Product s.a. (QoQ),European Monetary Union,3,0.6,0.6,0.6
02/14/2018 10:20:00,ECB's Mersch speech,European Monetary Union,2,,,
02/14/2018 12:00:00,MBA Mortgage Applications,United States,1,-4.1,0.7,
02/14/2018 12:45:00,ECB's Mersch speech,European Monetary Union,2,,,
02/14/2018 13:30:00,Retail Sales (MoM),United States,2,-0.3,0.4,0.2
02/14/2018 15:00:00,Business Inventories,United States,1,0.4,0.4,0.3
02/14/2018 15:30:00,EIA Crude Oil Stocks change,United States,1,1.841,1.895,2.825
02/15/2018 08:15:00,ECB's Mersch speech,European Monetary Union,2,,,
02/15/2018 10:00:00,Trade Balance n.s.a.,European Monetary Union,1,25.4,26.3,30.2
02/15/2018 10:45:00,ECB's Praet Speech,European Monetary Union,2,,,
02/15/2018 12:00:00,ECB's Lautenschläger Speech,European Monetary Union,2,,,
02/15/2018 13:30:00,NY Empire State Manufacturing Index,United States,1,13.1,17.7,17.5
02/15/2018 14:15:00,Capacity Utilization,United States,2,77.5,77.9,78
02/15/2018 15:00:00,NAHB Housing Market Index,United States,2,72,72,72
02/15/2018 15:30:00,EIA Natural Gas Storage change,United States,1,-194,-119,-183
02/15/2018 21:00:00,Total Net TIC Flows,United States,1,-119.3,33.8,-37
02/16/2018 08:20:00,ECB Cœuré Speech,European Monetary Union,2,,,
02/16/2018 09:30:00,Retail Sales (MoM),United Kingdom,2,0.1,-1.5,0.5
02/16/2018 13:30:00,Building Permits Change,United States,2,7.4,-0.1,3.5
02/16/2018 15:00:00,Michigan Consumer Sentiment Index,United States,1,99.9,95.7,95.5
02/16/2018 18:00:00,Baker Hughes US Oil Rig Count,United States,2,798,791,
02/16/2018 20:30:00,CFTC USD NC net positions,United States,1,179,286.2,
02/19/2018 00:00:00,President's Day,United States,0,,,
02/19/2018 00:01:00,Rightmove House Price Index (YoY),United Kingdom,1,1.5,1.1,
02/19/2018 09:00:00,Current Account n.s.a,European Monetary Union,1,45.8,37.8,
02/19/2018 10:00:00,Construction Output  s.a (MoM),European Monetary Union,1,0.1,0.5,-0.7
02/19/2018 18:45:00,BOE's Governor Carney speech,United Kingdom,3,,,
02/20/2018 00:00:00,EcoFin Meeting,European Monetary Union,2,,,
02/20/2018 10:00:00,ZEW Survey - Economic Sentiment,European Monetary Union,1,29.3,31.8,28.4
02/20/2018 11:00:00,CBI Industrial Trends Survey - Orders (MoM),United Kingdom,1,10,14,10
02/20/2018 15:00:00,Consumer Confidence,European Monetary Union,2,0.1,1.3,1
02/20/2018 16:30:00,4-Week Bill Auction,United States,1,1.38,1.36,
02/20/2018 18:07:26,2-Year Note Auction,United States,1,2.255,2.066,
02/21/2018 08:00:00,Non-monetary policy's ECB meeting,European Monetary Union,3,,,
02/21/2018 09:00:00,Markit Manufacturing PMI,European Monetary Union,2,58.5,59.6,59.3
02/21/2018 09:30:00,Claimant Count Change,United Kingdom,2,-7.2,8.6,4.1
02/21/2018 12:00:00,MBA Mortgage Applications,United States,1,-6.6,-4.1,
02/21/2018 13:55:00,Redbook index (YoY),United States,1,3.7,2.8,
02/21/2018 14:00:00,FOMC Member Harker Speech,United States,2,,,
02/21/2018 14:15:00,BOE's Governor Carney speech,United Kingdom,3,,,
02/21/2018 14:45:00,Markit Manufacturing PMI,United States,2,55.9,55.5,55.4
02/21/2018 15:00:00,Existing Home Sales Change (MoM),United States,1,-3.2,-3.6,0.9
02/21/2018 18:45:51,5-Year Note Auction,United States,1,2.658,2.434,
02/21/2018 19:00:00,FOMC Minutes,United States,3,,,
02/21/2018 21:30:00,API Weekly Crude Oil Stock,United States,1,-0.907,3.94,
02/22/2018 01:15:00,FOMC Member Kashkari Speech,United States,2,,,
02/22/2018 05:15:00,Fed's Quarles speech,United States,2,,,
02/22/2018 09:30:00,Gross Domestic Product (YoY),United Kingdom,2,1.4,1.5,1.5
02/22/2018 11:00:00,CBI Distributive Trades Survey - Realized (MoM),United Kingdom,1,8,12,13
02/22/2018 12:30:00,ECB Monetary Policy Meeting Accounts,European Monetary Union,3,,,
02/22/2018 13:00:00,FOMC Member Bostic speech,United States,2,,,
02/22/2018 13:30:00,Initial Jobless Claims,United States,2,222,230,230
02/22/2018 15:00:00,Fed's William Dudley speech,United States,2,,,
02/22/2018 15:30:00,EIA Natural Gas Storage change,United States,1,-124,-194,-120
02/22/2018 16:00:00,EIA Crude Oil Stocks change,United States,1,-1.616,1.841,1.795
02/22/2018 17:10:00,FOMC Member Bostic speech,United States,2,,,
02/22/2018 18:13:11,7-Year Note Auction,United States,1,2.839,2.565,
02/22/2018 20:30:00,FOMC Member Kaplan Speech,United States,2,,,
02/23/2018 00:00:00,European Council meeting,European Monetary Union,2,,,
02/23/2018 10:00:00,Consumer Price Index (YoY),European Monetary Union,3,1.3,1.3,1.3
02/23/2018 12:00:00,BOE Ramsden Speech,United Kingdom,2,,,
02/23/2018 15:15:00,Fed's William Dudley speech,United States,2,,,
02/23/2018 16:00:00,Fed Monetary Policy Report,United States,1,,,
02/23/2018 18:00:00,Baker Hughes US Oil Rig Count,United States,2,799,798,
02/23/2018 18:30:00,ECB Cœuré Speech,European Monetary Union,2,,,
02/23/2018 20:30:00,CFTC Gold NC net positions,United States,1,190.9,175.6,
02/23/2018 20:40:00,FOMC Member Williams speech,United States,2,,,
02/26/2018 09:30:00,BBA Mortgage Approvals,United Kingdom,1,40.117,36.115,35.928
02/26/2018 10:00:00,ECB Cœuré Speech,European Monetary Union,2,,,
02/26/2018 13:00:00,Fed's Bullard speech,United States,2,,,
02/26/2018 13:30:00,Chicago Fed National Activity Index ,United States,2,0.12,0.27,0.15
02/26/2018 14:40:00,ECB President Draghi's Speech,European Monetary Union,3,,,
02/26/2018 15:00:00,New Home Sales (MoM),United States,2,0.593,0.625,0.645
02/26/2018 15:30:00,Dallas Fed Manufacturing Business Index,United States,2,37.2,33.4,28.4
02/26/2018 16:30:00,3-Month Bill Auction,United States,1,1.645,1.63,
02/26/2018 18:00:00,MPC Member Cunliffe Speech,United Kingdom,2,,,
02/26/2018 20:15:00,Fed's Quarles speech,United States,2,,,
02/27/2018 08:40:00,ECB's Mersch speech,European Monetary Union,2,,,
02/27/2018 09:00:00,M3 Money Supply (YoY),European Monetary Union,1,4.6,4.6,4.6
02/27/2018 10:00:00,Business Climate,European Monetary Union,2,1.48,1.54,1.47
02/27/2018 13:30:00,Wholesale Inventories,United States,1,0.7,0.4,0.3
02/27/2018 13:55:00,Redbook index (YoY),United States,1,3.3,3.7,
02/27/2018 14:00:00,S&P/Case-Shiller Home Price Indices (YoY),United States,2,6.3,6.4,6.3
02/27/2018 15:00:00,Richmond Fed Manufacturing Index,United States,1,28,14,15
02/27/2018 16:30:00,52-Week Bill auction,United States,1,2.02,1.83,
02/27/2018 21:30:00,API Weekly Crude Oil Stock,United States,1,0.933,-0.907,
02/28/2018 00:01:00,Gfk Consumer Confidence,United Kingdom,2,-10,-9,-10
02/28/2018 10:00:00,Consumer Price Index (YoY),European Monetary Union,3,1.2,1.3,1.2
02/28/2018 12:00:00,MBA Mortgage Applications,United States,1,2.7,-6.6,
02/28/2018 13:30:00,Gross Domestic Product Price Index,United States,2,2.3,2.4,2.4
02/28/2018 14:45:00,Chicago Purchasing Managers' Index,United States,2,61.9,65.7,64.2
02/28/2018 15:00:00,Pending Home Sales (YoY),United States,2,-1.7,-1.8,
02/28/2018 15:30:00,EIA Crude Oil Stocks change,United States,1,2.483,-1.616,2.077
1/3/2018 7:00,Nationwide Housing Prices s.a (MoM),United Kingdom,1,-0.3,0.6,0.2
1/3/2018 9:00,Markit Manufacturing PMI,European Monetary Union,2,58.6,58.5,58.5
1/3/2018 9:30,Net Lending to Individuals (MoM),United Kingdom,1,4.7,5.2,5.4
1/3/2018 10:00,Unemployment Rate,European Monetary Union,2,8.6,8.7,8.6
1/3/2018 13:30,Personal Consumption Expenditures - Price Index (MoM),United States,2,0.4,0.1,0
1/3/2018 14:45,Markit Manufacturing PMI,United States,1,55.3,55.9,55.9
1/3/2018 15:00,Fed's Powell Speech,United States,3,,,
1/3/2018 15:30,EIA Natural Gas Storage change,United States,1,-78,-124,-77
1/3/2018 16:00,Fed's William Dudley speech,United States,2,,,
1/3/2018 20:30,Total Vehicle Sales,United States,1,17.08,17.12,17.2
2/3/2018 0:00,BOE's Governor Carney speech,United Kingdom,3,,,
2/3/2018 8:10,ECB's Mersch speech,European Monetary Union,2,,,
2/3/2018 9:30,PMI Construction,United Kingdom,2,51.4,50.2,50.5
2/3/2018 10:00,BOE's Governor Carney speech,United Kingdom,3,,,
2/3/2018 13:30,UK Prime Minister Theresa May speech,United Kingdom,3,,,
2/3/2018 13:45,ISM NY index - Business Conditions,United States,1,54.5,72.5,
2/3/2018 15:00,Michigan Consumer Sentiment Index,United States,1,99.7,99.9,99.5
2/3/2018 18:00,Baker Hughes US Oil Rig Count,United States,2,800,799,
2/3/2018 20:30,CFTC USD NC net positions,United States,1,,113.3,
5/3/2018 9:00,Markit Services PMI,European Monetary Union,2,56.2,56.7,56.7
5/3/2018 9:30,Sentix Investor Confidence,European Monetary Union,1,24,31.9,31
5/3/2018 10:00,Retail Sales (MoM),European Monetary Union,1,-0.1,-1.1,0.3
5/3/2018 14:45,Markit PMI Composite,United States,2,55.8,55.9,55.5
5/3/2018 15:00,ISM Non-Manufacturing PMI,United States,2,59.5,59.9,59
5/3/2018 16:30,3-Month Bill Auction,United States,1,1.66,1.645,
5/3/2018 18:15,Fed's Quarles speech,United States,2,,,
6/3/2018 0:01,BRC Like-For-Like Retail Sales (YoY),United Kingdom,2,0.6,0.6,0.4
6/3/2018 10:44,30-y Bond Auction,United Kingdom,1,1.94,1.81,
6/3/2018 12:30,Fed's William Dudley speech,United States,2,,,
6/3/2018 13:55,Redbook index (MoM),United States,1,-0.5,-0.6,
6/3/2018 15:00,Factory Orders (MoM),United States,2,-1.4,1.7,-1.3
6/3/2018 15:50,IBD/TIPP Economic Optimism (MoM),United States,1,55.6,56.7,58.2
6/3/2018 16:30,4-Week Bill Auction,United States,1,1.55,1.495,
6/3/2018 18:15,MPC Member Haldane Speech,United Kingdom,2,,,
6/3/2018 21:30,API Weekly Crude Oil Stock,United States,1,5.661,0.933,
6/3/2018 22:30,FOMC Member Brainard Speech,United States,2,,,
7/3/2018 1:30,FOMC Member Kaplan Speech,United States,2,,,
7/3/2018 8:30,Halifax House Prices (MoM),United Kingdom,1,0.4,-0.6,0.3
7/3/2018 10:00,Gross Domestic Product s.a. (QoQ),European Monetary Union,3,0.6,0.6,0.6
7/3/2018 12:00,MBA Mortgage Applications,United States,1,0.3,2.7,
7/3/2018 13:00,FOMC Member Bostic speech,United States,2,,,
7/3/2018 13:15,ADP Employment Change,United States,2,235,234,195
7/3/2018 13:20,Fed's William Dudley speech,United States,2,,,
7/3/2018 13:30,Trade Balance,United States,2,-56.6,-53.1,-55.1
7/3/2018 15:30,EIA Crude Oil Stocks change,United States,1,2.408,2.483,2.723
7/3/2018 19:00,Fed's Beige Book,United States,2,,,
7/3/2018 20:00,Consumer Credit Change,United States,2,13.91,18.45,17.9
8/3/2018 0:01,RICS Housing Price Balance,United Kingdom,1,0,8,7
8/3/2018 12:30,Challenger Job Cuts (YoY),United States,1,35.369,44.653,
8/3/2018 12:45,ECB Deposit Rate Decision,European Monetary Union,3,-0.4,-0.4,-0.4
8/3/2018 13:30,Continuing Jobless Claims,United States,2,1.87,1.931,1.921
8/3/2018 15:30,EIA Natural Gas Storage change,United States,1,-57,-78,-58
9/3/2018 9:30,Consumer Inflation Expectations,United Kingdom,1,2.9,2.9,
9/3/2018 13:00,NIESR GDP Estimate (3M),United Kingdom,1,0.3,0.5,0.3
9/3/2018 13:30,Average Hourly Earnings (YoY),United States,3,2.6,2.9,2.8
9/3/2018 15:00,Wholesale Inventories,United States,1,0.8,0.7,0.7
9/3/2018 17:40,Federal Reserve Bank of Boston President Rosengren Speech,United States,2,,,
9/3/2018 17:45,Fed's Evans Speech,United States,1,,,
9/3/2018 18:00,Baker Hughes US Oil Rig Count,United States,2,796,800,
9/3/2018 20:30,CFTC GBP NC net positions,United Kingdom,1,5.3,,
12/3/2018 0:00,Eurogroup meeting,European Monetary Union,2,,,
12/3/2018 15:30,3-Month Bill Auction,United States,1,1.67,1.66,
12/3/2018 17:00,3-Year Note Auction,United States,1,2.436,2.28,
12/3/2018 18:00,Monthly Budget Statement,United States,2,-215,49,-216
03/13/2018 00:00:00,EcoFin Meeting,European Monetary Union,2,,,
03/13/2018 10:00:00,NFIB Business Optimism Index,United States,1,107.6,106.9,107.1
03/13/2018 12:30:00,Consumer Price Index Ex Food & Energy (MoM),United States,2,0.2,0.3,0.2
03/13/2018 12:55:00,Redbook index (YoY),United States,1,2.9,3.8,
03/13/2018 15:30:00,4-Week Bill Auction,United States,1,1.65,1.55,
03/13/2018 17:00:00,30-Year Bond Auction,United States,1,3.109,3.121,
03/13/2018 20:30:00,API Weekly Crude Oil Stock,United States,1,1.156,5.661,
03/14/2018 00:00:00,Eurogroup meeting,European Monetary Union,2,,,
03/14/2018 08:00:00,ECB President Draghi's Speech,European Monetary Union,3,,,
03/14/2018 08:45:00,ECB's Praet Speech,European Monetary Union,2,,,
03/14/2018 10:00:00,Industrial Production w.d.a. (YoY),European Monetary Union,1,2.7,5.2,4.7
03/14/2018 10:45:00,ECB Vice President Vitor Constancio speech,European Monetary Union,2,,,
03/14/2018 11:00:00,MBA Mortgage Applications,United States,1,0.9,0.3,
03/14/2018 12:30:00,Retail Sales control group,United States,3,0.1,0,0.4
03/14/2018 14:00:00,Business Inventories,United States,1,0.6,0.4,0.4
03/14/2018 14:30:00,EIA Crude Oil Stocks change,United States,1,5.022,2.408,2.023
03/14/2018 16:15:00,ECB Cœuré Speech,European Monetary Union,2,,,
03/15/2018 00:00:00,EcoFin Meeting,European Monetary Union,2,,,
03/15/2018 11:04:21,10-y Bond Auction,United Kingdom,1,1.58,1.29,
03/15/2018 12:30:00,NY Empire State Manufacturing Index,United States,1,22.5,13.1,15
03/15/2018 14:00:00,NAHB Housing Market Index,United States,1,70,72,71
03/15/2018 14:30:00,EIA Natural Gas Storage change,United States,1,-93,-57,-96
03/15/2018 15:45:00,ECB's Lautenschläger Speech,European Monetary Union,2,,,
03/15/2018 20:00:00,Total Net TIC Flows,United States,1,119.7,-119.3,43.1
03/16/2018 10:00:00,Labour cost,European Monetary Union,2,1.5,1.6,1.8
03/16/2018 12:30:00,Building Permits Change,United States,1,-5.7,7.4,-12.3
03/16/2018 13:15:00,Capacity Utilization,United States,2,78.1,77.5,77.7
03/16/2018 14:00:00,JOLTS Job Openings,United States,1,6.312,5.811,5.89
03/16/2018 17:00:00,Baker Hughes US Oil Rig Count,United States,2,800,796,
03/16/2018 19:30:00,CFTC USD NC net positions,United States,1,122.1,128.9,
03/19/2018 00:00:00,G20 Meeting,European Monetary Union,2,,,
03/19/2018 00:01:00,Rightmove House Price Index (YoY),United Kingdom,1,2.1,1.5,
03/19/2018 10:00:00,Trade Balance n.s.a.,European Monetary Union,1,3.3,25.4,-6.5
03/19/2018 11:45:00,Brexit press conference,United Kingdom,3,,,
03/19/2018 13:40:00,FOMC Member Bostic speech,United States,2,,,
03/19/2018 15:30:00,3-Month Bill Auction,United States,1,1.78,1.67,
03/19/2018 18:00:00,ECB's Mersch speech,European Monetary Union,2,,,
03/20/2018 00:00:00,G20 Meeting,European Monetary Union,2,,,
03/20/2018 09:30:00,Retail Price Index (MoM),United Kingdom,2,0.8,-0.8,0.8
03/20/2018 10:00:00,ZEW Survey - Economic Sentiment,European Monetary Union,1,13.4,29.3,28.1
03/20/2018 12:55:00,Redbook index (YoY),United States,1,3.2,2.9,
03/20/2018 15:00:00,Consumer Confidence,European Monetary Union,1,0.1,0.1,0
03/20/2018 15:30:00,4-Week Bill Auction,United States,1,1.72,1.65,
03/20/2018 20:30:00,API Weekly Crude Oil Stock,United States,1,-2.739,1.156,
03/21/2018 08:00:00,Non-monetary policy's ECB meeting,European Monetary Union,2,,,
03/21/2018 09:30:00,Average Earnings excluding Bonus (3Mo/Yr),United Kingdom,3,2.6,2.5,2.6
03/21/2018 11:00:00,CBI Industrial Trends Survey - Orders (MoM),United Kingdom,1,4,10,9
03/21/2018 12:30:00,Current Account,United States,1,-128.2,-100.6,-125
03/21/2018 14:00:00,Existing Home Sales Change (MoM),United States,1,3,-3.2,0.5
03/21/2018 14:30:00,EIA Crude Oil Stocks change,United States,1,-2.622,5.022,2.556
03/21/2018 18:00:00,FOMC Economic Projections,United States,3,,,
03/21/2018 18:30:00,FOMC Press conference,United States,3,,,
03/22/2018 08:30:00,ECB's Lautenschläger Speech,European Monetary Union,2,,,
03/22/2018 09:00:00,Current Account s.a,European Monetary Union,1,37.6,29.9,30.2
03/22/2018 09:30:00,Retail Sales ex-Fuel (YoY),United Kingdom,2,1.1,1.5,1.2
03/22/2018 12:00:00,BoE Asset Purchase Facility,United Kingdom,3,435,435,435
03/22/2018 12:30:00,Initial Jobless Claims,United States,2,229,226,225
03/22/2018 13:00:00,Housing Price Index (MoM),United States,2,0.8,0.3,0.4
03/22/2018 13:45:00,Markit Manufacturing PMI,United States,1,55.7,55.3,55.5
03/22/2018 14:30:00,EIA Natural Gas Storage change,United States,1,-86,-93,-87
03/22/2018 15:00:00,Kansas Fed manufacturing activity,United States,1,20,21,
03/22/2018 17:00:00,BOE Ramsden Speech,United Kingdom,2,,,
03/23/2018 00:00:00,European Council meeting,European Monetary Union,2,,,
03/23/2018 12:00:00,BoE Quarterly Bulletin,United Kingdom,1,,,
03/23/2018 12:10:00,FOMC Member Bostic speech,United States,2,,,
03/23/2018 12:30:00,MPC Member Vlieghe speech,United Kingdom,2,,,
03/23/2018 14:00:00,New Home Sales (MoM),United States,2,0.618,0.593,0.623
03/23/2018 14:30:00,FOMC Member Kashkari Speech,United States,2,,,
03/23/2018 17:00:00,Baker Hughes US Oil Rig Count,United States,2,804,800,
03/23/2018 19:30:00,CFTC Oil NC net positions,United States,1,703.7,668.5,
03/23/2018 23:00:00,Federal Reserve Bank of Boston President Rosengren Speech,United States,2,,,
03/25/2018 03:00:00,Daylight Saving Time,United Kingdom,0,,,
03/26/2018 08:30:00,BBA Mortgage Approvals,United Kingdom,1,38.12,40.117,39.2
03/26/2018 12:30:00,Chicago Fed National Activity Index ,United States,2,0.88,0.12,0.19
03/26/2018 14:30:00,Dallas Fed Manufacturing Business Index,United States,1,21.4,37.2,33.4
03/26/2018 15:30:00,3-Month Bill Auction,United States,1,1.76,1.78,
03/26/2018 16:30:00,Fed's William Dudley speech,United States,2,,,
03/26/2018 17:00:00,2-Year Note Auction,United States,1,2.31,2.255,
03/26/2018 20:30:00,FOMC Member Mester speech,United States,2,,,
03/26/2018 23:10:00,Fed's Quarles speech,United States,2,,,
03/27/2018 08:00:00,M3 Money Supply (YoY),European Monetary Union,1,4.2,4.6,4.6
03/27/2018 08:30:00,FPC Statement,United Kingdom,1,,,
03/27/2018 09:00:00,Industrial Confidence,European Monetary Union,1,6.4,8,7
03/27/2018 12:55:00,Redbook index (YoY),United States,1,3.6,3.2,
03/27/2018 13:00:00,S&P/Case-Shiller Home Price Indices (YoY),United States,2,6.4,6.3,6.2
03/27/2018 14:00:00,Richmond Fed Manufacturing Index,United States,1,15,28,23
03/27/2018 15:00:00,FOMC Member Bostic speech,United States,2,,,
03/27/2018 15:30:00,52-Week Bill auction,United States,1,2.07,2.02,
03/27/2018 17:00:00,5-Year Note Auction,United States,1,2.612,2.658,
03/27/2018 20:30:00,API Weekly Crude Oil Stock,United States,1,5.321,-2.739,
03/28/2018 10:00:00,CBI Distributive Trades Survey - Realized (MoM),United Kingdom,1,-8,8,15
03/28/2018 11:00:00,MBA Mortgage Applications,United States,1,4.8,-1.1,
03/28/2018 12:30:00,Gross Domestic Product Price Index,United States,2,2.3,2.3,2.3
03/28/2018 14:00:00,Pending Home Sales (YoY),United States,1,-4.4,-1.7,-0.2
03/28/2018 14:30:00,EIA Crude Oil Stocks change,United States,1,1.643,-2.622,-0.287
03/28/2018 16:00:00,FOMC Member Bostic speech,United States,2,,,
03/28/2018 17:00:00,7-Year Note Auction,United States,1,2.72,2.839,
03/28/2018 23:01:00,Gfk Consumer Confidence,United Kingdom,2,-7,-10,-10
03/29/2018 06:00:00,Nationwide Housing Prices n.s.a (YoY),United Kingdom,1,2.1,2.2,2.6
03/29/2018 08:30:00,Net Lending to Individuals (MoM),United Kingdom,1,5.4,4.7,4.8
03/29/2018 12:30:00,Personal Income (MoM),United States,2,0.4,0.4,0.4
03/29/2018 13:45:00,Chicago Purchasing Managers' Index,United States,2,57.4,61.9,62
03/29/2018 14:00:00,Michigan Consumer Sentiment Index,United States,1,101.4,102,102
03/29/2018 14:30:00,EIA Natural Gas Storage change,United States,1,-63,-86,-70
03/29/2018 17:00:00,Baker Hughes US Oil Rig Count,United States,2,798,804,
03/30/2018 00:00:00,Good Friday,United Kingdom,0,,,
03/30/2018 19:30:00,CFTC Oil NC net positions,United States,1,715.8,703.7,
2/4/2018 0:00,Easter Monday,United Kingdom,0,,,
2/4/2018 13:45,Markit Manufacturing PMI,United States,1,55.6,55.7,55.7
2/4/2018 14:00,ISM Prices Paid,United States,2,78.1,74.2,74.5
2/4/2018 15:30,3-Month Bill Auction,United States,1,1.74,1.76,
2/4/2018 22:00,FOMC Member Kashkari Speech,United States,2,,,
3/4/2018 8:00,Markit Manufacturing PMI,European Monetary Union,2,56.6,56.6,56.6
3/4/2018 8:30,Markit Manufacturing PMI,United Kingdom,2,55.1,55.2,54.7
3/4/2018 12:55,Redbook index (MoM),United States,1,0.4,0.1,
3/4/2018 13:30,FOMC Member Kashkari Speech,United States,2,,,
3/4/2018 13:45,ISM NY index - Business Conditions,United States,1,54,54.5,
3/4/2018 14:20,IBD/TIPP Economic Optimism (MoM),United States,1,52.6,55.6,55.2
3/4/2018 15:30,4-Week Bill Auction,United States,1,1.695,1.705,
3/4/2018 19:30,Total Vehicle Sales,United States,1,17.48,17.08,16.9
3/4/2018 20:30,FOMC Member Brainard Speech,United States,2,,,
3/4/2018 23:01,BRC Shop Price Index (YoY),United Kingdom,1,-1,-0.8,
4/4/2018 8:30,PMI Construction,United Kingdom,2,47,51.4,50.8
4/4/2018 9:00,Unemployment Rate,European Monetary Union,2,8.5,8.6,8.5
4/4/2018 11:00,MBA Mortgage Applications,United States,1,-3.3,4.8,
4/4/2018 12:15,ADP Employment Change,United States,2,241,235,205
4/4/2018 13:45,Fed's Bullard speech,United States,2,,,
4/4/2018 14:00,ISM Non-Manufacturing PMI,United States,2,58.8,59.5,59
4/4/2018 14:30,EIA Crude Oil Stocks change,United States,1,-4.617,1.643,0.246
4/4/2018 15:00,FOMC Member Mester speech,United States,2,,,
5/4/2018 8:00,Markit Services PMI,European Monetary Union,2,54.9,55,55
5/4/2018 8:30,Markit Services PMI,United Kingdom,2,51.7,54.5,54
5/4/2018 9:00,Producer Price Index (YoY),European Monetary Union,1,1.6,1.5,1.5
5/4/2018 11:30,Challenger Job Cuts (YoY),United States,1,60.357,35.369,
5/4/2018 12:30,Trade Balance,United States,2,-57.6,-56.6,-56.8
5/4/2018 14:30,EIA Natural Gas Storage change,United States,1,-29,-63,-26
5/4/2018 17:00,FOMC Member Bostic speech,United States,2,,,
6/4/2018 7:45,ECB Cœuré Speech,European Monetary Union,2,,,
6/4/2018 12:30,Average Hourly Earnings (MoM),United States,2,0.3,0.1,0.2
6/4/2018 15:15,BOE's Governor Carney speech,United Kingdom,3,,,
6/4/2018 17:00,Baker Hughes US Oil Rig Count,United States,2,808,798,
6/4/2018 17:30,Fed's Powell Speech,United States,3,,,
6/4/2018 19:00,Consumer Credit Change,United States,2,10.6,13.91,15
6/4/2018 19:30,CFTC USD NC net positions,United States,1,-9.9,-9.4,
9/4/2018 7:30,Halifax House Prices (MoM),United Kingdom,1,1.5,0.4,0.2
9/4/2018 8:30,Sentix Investor Confidence,European Monetary Union,1,19.6,24,20
9/4/2018 13:00,ECB Vice President Vitor Constancio speech,European Monetary Union,2,,,
9/4/2018 15:30,3-Month Bill Auction,United States,1,1.715,1.74,
9/4/2018 16:45,ECB's Praet Speech,European Monetary Union,2,,,
9/4/2018 23:01,BRC Like-For-Like Retail Sales (YoY),United Kingdom,2,1.4,0.6,0.7
10/4/2018 8:30,FOMC Member Kaplan Speech,United States,2,,,
10/4/2018 9:30,MPC Member Haldane Speech,United Kingdom,2,,,
10/4/2018 10:00,NFIB Business Optimism Index,United States,1,104.7,107.6,107
10/4/2018 12:30,Producer Price Index ex Food & Energy (YoY),United States,2,2.7,2.5,2.6
10/4/2018 12:55,Redbook index (YoY),United States,1,2.9,4.4,
10/4/2018 14:00,Wholesale Inventories,United States,1,1,1.1,0.9
10/4/2018 15:30,4-Week Bill Auction,United States,1,1.62,1.695,
10/4/2018 17:00,3-Year Note Auction,United States,1,2.45,2.436,
10/4/2018 20:30,API Weekly Crude Oil Stock,United States,1,1.758,-3.28,
11/4/2018 7:00,Non-monetary policy's ECB meeting,European Monetary Union,2,,,
11/4/2018 8:30,Industrial Production (MoM),United Kingdom,2,0.1,1.3,0.4
11/4/2018 11:00,ECB President Draghi's Speech,European Monetary Union,3,,,
11/4/2018 11:25,NIESR GDP Estimate (3M),United Kingdom,1,0.2,0.3,0.3
11/4/2018 12:30,Consumer Price Index (MoM),United States,2,-0.1,0.2,0
11/4/2018 14:30,EIA Crude Oil Stocks change,United States,1,3.306,-4.617,-0.189
11/4/2018 17:00,10-Year Note Auction,United States,1,2.795,2.889,
11/4/2018 18:00,Monthly Budget Statement,United States,2,-209,-215,-194
11/4/2018 23:01,RICS Housing Price Balance,United Kingdom,1,0,0,2
12/4/2018 6:30,MPC Member Broadbent Speech,United Kingdom,2,,,
12/4/2018 8:30,BOE Credit Conditions Survey,United Kingdom,2,,,
12/4/2018 9:00,Industrial Production w.d.a. (YoY),European Monetary Union,1,2.9,2.7,3.8
12/4/2018 11:30,ECB Monetary Policy Meeting Accounts,European Monetary Union,3,,,
12/4/2018 12:15,ECB Cœuré Speech,European Monetary Union,2,,,
12/4/2018 12:30,Continuing Jobless Claims,United States,2,1.871,1.808,1.848
12/4/2018 14:30,EIA Natural Gas Storage change,United States,1,-19,-29,-14
12/4/2018 17:00,30-Year Bond Auction,United States,1,3.044,3.109,
12/4/2018 19:00,BOE's Governor Carney speech,United Kingdom,3,,,
12/4/2018 21:00,FOMC Member Kashkari Speech,United States,2,,,
04/13/2018 09:00:00,Trade Balance n.s.a.,European Monetary Union,1,18.9,3.3,16.6
04/13/2018 12:00:00,Federal Reserve Bank of Boston President Rosengren Speech,United States,2,,,
04/13/2018 13:00:00,Fed's Bullard speech,United States,2,,,
04/13/2018 14:00:00,JOLTS Job Openings,United States,1,6.052,6.312,6.173
04/13/2018 17:00:00,Baker Hughes US Oil Rig Count,United States,2,815,808,
04/13/2018 19:30:00,CFTC USD NC net positions,United States,1,-10.7,-9.9,
04/15/2018 23:01:00,Rightmove House Price Index (YoY),United Kingdom,1,1.6,2.1,
04/16/2018 12:30:00,NY Empire State Manufacturing Index,United States,1,15.8,22.5,18.6
04/16/2018 14:00:00,Business Inventories,United States,1,0.6,0.6,0.6
04/16/2018 15:30:00,3-Month Bill Auction,United States,1,1.76,1.715,
04/16/2018 16:00:00,FOMC Member Kaplan Speech,United States,2,,,
04/16/2018 17:15:00,FOMC Member Bostic speech,United States,2,,,
04/16/2018 20:00:00,Total Net TIC Flows,United States,1,44.7,119.7,26.1
04/17/2018 08:30:00,Average Earnings excluding Bonus (3Mo/Yr),United Kingdom,3,2.8,2.6,2.8
04/17/2018 09:00:00,ZEW Survey - Economic Sentiment,European Monetary Union,1,1.9,13.4,7.3
04/17/2018 12:30:00,Building Permits Change,United States,1,2.5,-5.7,0.7
04/17/2018 12:55:00,Redbook index (MoM),United States,1,0.5,0.3,
04/17/2018 13:15:00,FOMC Member Williams speech,United States,2,,,
04/17/2018 14:00:00,Fed's Quarles speech,United States,2,,,
04/17/2018 15:00:00,FOMC Member Harker Speech,United States,2,,,
04/17/2018 15:30:00,4-Week Bill Auction,United States,1,1.63,1.62,
04/17/2018 17:10:00,Fed's Evans Speech,United States,1,,,
04/17/2018 20:30:00,API Weekly Crude Oil Stock,United States,1,-1.047,1.758,0.625
04/17/2018 21:40:00,FOMC Member Bostic speech,United States,2,,,
04/18/2018 00:00:00,Eurogroup meeting,European Monetary Union,2,,,
04/18/2018 08:30:00,Retail Price Index (MoM),United Kingdom,2,0.1,0.8,0.3
04/18/2018 09:00:00,Consumer Price Index (YoY),European Monetary Union,3,1.3,1.4,1.4
04/18/2018 11:00:00,MBA Mortgage Applications,United States,1,4.9,-1.9,
04/18/2018 12:30:00,Fed's William Dudley speech,United States,2,,,
04/18/2018 14:30:00,EIA Crude Oil Stocks change,United States,1,-1.071,3.306,-1.429
04/18/2018 18:00:00,Fed's Beige Book,United States,2,,,
04/18/2018 19:15:00,Fed's William Dudley speech,United States,2,,,
04/18/2018 20:15:00,Fed's Quarles speech,United States,2,,,
04/19/2018 00:00:00,EcoFin Meeting,European Monetary Union,2,,,
04/19/2018 08:00:00,Current Account n.s.a,European Monetary Union,1,22.7,12.8,
04/19/2018 08:30:00,Retail Sales ex-Fuel (YoY),United Kingdom,2,1.1,1.1,1.4
04/19/2018 09:41:07,10-y Bond Auction,United Kingdom,1,1.6,1.58,
04/19/2018 12:00:00,FOMC Member Brainard Speech,United States,2,,,
04/19/2018 12:30:00,Initial Jobless Claims,United States,2,232,233,230
04/19/2018 13:30:00,Fed's Quarles speech,United States,2,,,
04/19/2018 14:30:00,EIA Natural Gas Storage change,United States,1,-36,-19,-23
04/19/2018 16:30:00,MPC Member Cunliffe Speech,United Kingdom,2,,,
04/19/2018 22:45:00,FOMC Member Mester speech,United States,2,,,
04/20/2018 00:00:00,IMF Meeting,European Monetary Union,2,,,
04/20/2018 09:30:00,MPC Member Saunders Speech,United Kingdom,2,,,
04/20/2018 13:40:00,Fed's Evans Speech,United States,1,,,
04/20/2018 14:00:00,Consumer Confidence,European Monetary Union,1,0.4,0.1,-0.2
04/20/2018 15:15:00,FOMC Member Williams speech,United States,2,,,
04/20/2018 17:00:00,Baker Hughes US Oil Rig Count,United States,2,820,815,
04/20/2018 19:30:00,CFTC GBP NC net positions,United Kingdom,1,47.7,43,
04/21/2018 00:00:00,IMF Meeting,European Monetary Union,2,,,
04/22/2018 00:00:00,IMF Meeting,European Monetary Union,2,,,
04/23/2018 08:00:00,Markit Services PMI,European Monetary Union,2,55,54.9,54.6
04/23/2018 12:30:00,Chicago Fed National Activity Index ,United States,2,0.1,0.88,0.27
04/23/2018 13:45:00,Markit Manufacturing PMI,United States,1,56.5,55.6,55
04/23/2018 14:00:00,Existing Home Sales Change (MoM),United States,1,1.1,3,0.2
04/23/2018 15:30:00,3-Month Bill Auction,United States,1,1.83,1.76,
04/24/2018 08:30:00,Public Sector Net Borrowing,United Kingdom,2,-0.262,-0.272,1.6
04/24/2018 10:00:00,CBI Industrial Trends Survey - Orders (MoM),United Kingdom,1,4,4,6
04/24/2018 12:55:00,Redbook index (YoY),United States,1,2.6,3,
04/24/2018 13:00:00,S&P/Case-Shiller Home Price Indices (YoY),United States,2,6.8,6.4,6.3
04/24/2018 14:00:00,New Home Sales (MoM),United States,2,0.694,0.618,0.63
04/24/2018 15:30:00,52-Week Bill auction,United States,1,2.2,2.07,
04/24/2018 17:00:00,2-Year Note Auction,United States,1,2.498,2.31,
04/24/2018 20:30:00,API Weekly Crude Oil Stock,United States,1,1.099,-1.047,
04/25/2018 11:00:00,MBA Mortgage Applications,United States,1,-0.2,4.9,
04/25/2018 14:30:00,EIA Crude Oil Stocks change,United States,1,2.17,-1.071,-2.043
04/25/2018 17:00:00,5-Year Note Auction,United States,1,2.837,2.612,
04/26/2018 08:30:00,BBA Mortgage Approvals,United Kingdom,1,37.567,38.12,37.1
04/26/2018 10:00:00,CBI Distributive Trades Survey - Realized (MoM),United Kingdom,1,-2,-8,5
04/26/2018 11:45:00,ECB Deposit Rate Decision,European Monetary Union,3,-0.4,-0.4,-0.4
04/26/2018 12:30:00,Continuing Jobless Claims,United States,2,1.837,1.863,1.85
04/26/2018 14:30:00,EIA Natural Gas Storage change,United States,1,-18,-36,-12
04/26/2018 15:00:00,Kansas Fed manufacturing activity,United States,1,33,20,17
04/26/2018 17:00:00,7-Year Note Auction,United States,1,2.952,2.72,
04/26/2018 22:05:00,Gfk Consumer Confidence,United Kingdom,2,-9,-7,-7
04/27/2018 00:00:00,Eurogroup meeting,European Monetary Union,2,,,
04/27/2018 05:45:00,ECB's Mersch speech,European Monetary Union,2,,,
04/27/2018 06:00:00,Nationwide Housing Prices n.s.a (YoY),United Kingdom,1,2.6,2.1,2.6
04/27/2018 06:45:00,ECB's Lautenschläger Speech,European Monetary Union,2,,,
04/27/2018 08:00:00,ECB's Mersch speech,European Monetary Union,2,,,
04/27/2018 08:30:00,Gross Domestic Product (YoY),United Kingdom,2,1.2,1.4,1.4
04/27/2018 09:00:00,Industrial Confidence,European Monetary Union,1,7.1,6.4,5.8
04/27/2018 12:30:00,Gross Domestic Product Price Index,United States,2,2,2.3,2.2
04/27/2018 14:00:00,BOE's Governor Carney speech,United Kingdom,3,,,
04/27/2018 14:15:00,MPC Member Haldane Speech,United Kingdom,2,,,
04/27/2018 17:00:00,Baker Hughes US Oil Rig Count,United States,2,825,820,
04/27/2018 19:30:00,CFTC USD NC net positions,United States,1,211,-10.5,
04/30/2018 00:00:00,EcoFin Meeting,European Monetary Union,2,,,
04/30/2018 08:00:00,M3 Money Supply (YoY),European Monetary Union,1,3.7,4.2,4.1
04/30/2018 12:30:00,Personal Spending,United States,2,0.4,0.2,0.4
04/30/2018 13:45:00,Chicago Purchasing Managers' Index,United States,2,57.6,57.4,57.9
04/30/2018 14:00:00,Pending Home Sales (YoY),United States,1,-4.4,-4.4,-0.1
04/30/2018 14:30:00,Dallas Fed Manufacturing Business Index,United States,1,21.8,21.4,25
04/30/2018 15:30:00,3-Month Bill Auction,United States,1,1.835,1.83,
1/5/2018 8:30,Markit Manufacturing PMI,United Kingdom,2,53.9,55.1,54.8
1/5/2018 12:55,Redbook index (MoM),United States,1,0.5,0.3,
1/5/2018 13:45,Markit Manufacturing PMI,United States,1,56.5,56.5,56.5
1/5/2018 14:00,ISM Manufacturing PMI,United States,2,57.3,59.3,58.3
1/5/2018 15:30,4-Week Bill Auction,United States,1,1.65,1.68,
1/5/2018 19:30,Total Vehicle Sales,United States,1,17.15,17.48,17.1
1/5/2018 20:30,API Weekly Crude Oil Stock,United States,1,3.427,1.099,
1/5/2018 23:01,BRC Shop Price Index (YoY),United Kingdom,1,-1,-1,
2/5/2018 7:00,Non-monetary policy's ECB meeting,European Monetary Union,2,,,
2/5/2018 8:00,Markit Manufacturing PMI,European Monetary Union,2,56.2,56,56
2/5/2018 8:30,PMI Construction,United Kingdom,2,52.5,47,50.5
2/5/2018 9:00,Gross Domestic Product s.a. (YoY),European Monetary Union,3,2.5,2.7,2.5
2/5/2018 11:00,MBA Mortgage Applications,United States,1,-2.5,-0.2,
2/5/2018 12:15,ADP Employment Change,United States,2,204,241,200
2/5/2018 13:59,ISM NY index - Business Conditions,United States,1,64.3,54,
2/5/2018 14:30,EIA Crude Oil Stocks change,United States,1,6.218,2.17,0.739
2/5/2018 18:00,Fed's Monetary Policy Statement,United States,3,,,
3/5/2018 8:30,Markit Services PMI,United Kingdom,2,52.8,51.7,53.5
3/5/2018 9:00,Consumer Price Index (YoY),European Monetary Union,3,1.2,1.3,1.3
3/5/2018 11:00,ECB's Praet Speech,European Monetary Union,2,,,
3/5/2018 11:30,Challenger Job Cuts (YoY),United States,1,36.081,60.357,
3/5/2018 12:00,ECB Vice President Vitor Constancio speech,European Monetary Union,2,,,
3/5/2018 12:30,ECB Cœuré Speech,European Monetary Union,2,,,
3/5/2018 13:45,Markit PMI Composite,United States,2,54.9,54.8,55.2
3/5/2018 14:00,ISM Non-Manufacturing PMI,United States,2,56.8,58.8,58.1
3/5/2018 14:30,EIA Natural Gas Storage change,United States,1,62,-18,52
4/5/2018 8:00,Markit Services PMI,European Monetary Union,2,54.7,55,55
4/5/2018 9:00,Retail Sales (MoM),European Monetary Union,1,0.1,0.1,0.5
4/5/2018 12:30,Average Hourly Earnings (YoY),United States,3,2.6,2.7,2.7
4/5/2018 16:00,Fed's William Dudley speech,United States,2,,,
4/5/2018 17:00,Baker Hughes US Oil Rig Count,United States,2,834,825,
4/5/2018 19:00,FOMC Member Williams speech,United States,2,,,
4/5/2018 19:30,CFTC GBP NC net positions,United Kingdom,1,26.4,37.4,
4/5/2018 21:30,Fed's Quarles speech,United States,2,,,
5/5/2018 0:00,FOMC Member Kaplan Speech,United States,2,,,
6/5/2018 23:00,Fed's Quarles speech,United States,2,,,
7/5/2018 0:00,Early May,United Kingdom,0,,,
7/5/2018 8:30,Sentix Investor Confidence,European Monetary Union,1,19.2,19.6,21.1
7/5/2018 12:25,FOMC Member Bostic speech,United States,2,,,
7/5/2018 15:30,3-Month Bill Auction,United States,1,1.84,1.835,
7/5/2018 16:30,ECB's Praet Speech,European Monetary Union,2,,,
7/5/2018 18:00,FOMC member Barkin speech,United States,1,,,
7/5/2018 19:00,Consumer Credit Change,United States,2,11.62,10.6,16
7/5/2018 19:30,FOMC Member Kaplan Speech,United States,2,,,
8/5/2018 7:15,Fed's Powell Speech,United States,3,,,
8/5/2018 7:30,Halifax House Prices (MoM),United Kingdom,1,-3.1,1.5,-0.2
8/5/2018 10:00,NFIB Business Optimism Index,United States,1,104.8,104.7,105.2
8/5/2018 12:55,Redbook index (YoY),United States,1,4.2,3.5,
8/5/2018 14:00,JOLTS Job Openings,United States,1,6.55,6.052,6.101
8/5/2018 14:27,IBD/TIPP Economic Optimism (MoM),United States,1,53.6,52.6,51.3
8/5/2018 15:30,4-Week Bill Auction,United States,1,1.66,1.65,
8/5/2018 17:00,3-Year Note Auction,United States,1,2.664,2.45,
8/5/2018 18:00,President Trump Speech,United States,3,,,
8/5/2018 20:30,API Weekly Crude Oil Stock,United States,1,-1.85,3.427,
8/5/2018 23:01,BRC Like-For-Like Retail Sales (YoY),United Kingdom,2,-4.2,1.4,-0.8
9/5/2018 10:08,10-y Bond Auction,United Kingdom,1,1.61,1.6,
9/5/2018 11:00,MBA Mortgage Applications,United States,1,-0.4,-2.5,
9/5/2018 12:30,Producer Price Index (MoM),United States,1,0.1,0.3,0.2
9/5/2018 14:00,Wholesale Inventories,United States,1,0.3,0.5,0.5
9/5/2018 14:30,EIA Crude Oil Stocks change,United States,1,-2.197,6.218,-0.719
9/5/2018 17:01,10-Year Note Auction,United States,1,2.995,2.795,
9/5/2018 17:15,FOMC Member Bostic speech,United States,2,,,
9/5/2018 23:01,RICS Housing Price Balance,United Kingdom,1,-8,0,-1
10/5/2018 8:00,Economic Bulletin,European Monetary Union,2,,,
10/5/2018 8:30,Industrial Production (MoM),United Kingdom,2,0.1,0.1,0.2
10/5/2018 11:00,BoE Asset Purchase Facility,United Kingdom,3,435,435,435
10/5/2018 11:13,NIESR GDP Estimate (3M),United Kingdom,1,0.1,0.2,0.3
10/5/2018 11:30,BOE's Governor Carney speech,United Kingdom,3,,,
10/5/2018 12:30,Initial Jobless Claims,United States,2,211,211,218
10/5/2018 14:30,EIA Natural Gas Storage change,United States,1,89,62,91
10/5/2018 17:00,30-Year Bond Auction,United States,1,3.13,3.044,
10/5/2018 18:00,Monthly Budget Statement,United States,2,214,-209,193.75
11/5/2018 12:30,Export Price Index (MoM),United States,1,0.6,0.3,0.3
11/5/2018 13:15,ECB President Draghi's Speech,European Monetary Union,3,,,
11/5/2018 14:00,Michigan Consumer Sentiment Index,United States,2,98.8,98.8,98.5
11/5/2018 17:00,Baker Hughes US Oil Rig Count,United States,2,844,834,
11/5/2018 19:30,CFTC USD NC net positions,United States,1,162.4,229.2,
05/14/2018 06:45:00,FOMC Member Mester speech,United States,2,,,
05/14/2018 10:00:00,ECB's Mersch speech,European Monetary Union,2,,,
05/14/2018 10:15:00,ECB's Lautenschläger Speech,European Monetary Union,2,,,
05/14/2018 11:45:00,ECB's Praet Speech,European Monetary Union,2,,,
05/14/2018 13:40:00,Fed's Bullard speech,United States,2,,,
05/14/2018 15:00:00,ECB's Lautenschläger Speech,European Monetary Union,2,,,
05/14/2018 15:30:00,3-Month Bill Auction,United States,1,1.89,1.84,
05/14/2018 16:15:00,ECB's Praet Speech,European Monetary Union,2,,,
05/14/2018 17:45:00,ECB Cœuré Speech,European Monetary Union,2,,,
05/14/2018 18:00:00,Loan Officer Survey,United States,1,,,
05/15/2018 08:30:00,Average Earnings excluding Bonus (3Mo/Yr),United Kingdom,3,2.9,2.8,2.9
05/15/2018 09:00:00,Gross Domestic Product s.a. (YoY),European Monetary Union,3,2.5,2.5,2.5
05/15/2018 12:00:00,FOMC Member Kaplan Speech,United States,2,,,
05/15/2018 12:30:00,NY Empire State Manufacturing Index,United States,1,20.1,15.8,15
05/15/2018 12:55:00,Redbook index (YoY),United States,1,4.9,4.2,
05/15/2018 14:00:00,Business Inventories,United States,1,0,0.6,0.1
05/15/2018 15:30:00,4-Week Bill Auction,United States,1,1.655,1.66,
05/15/2018 16:45:00,FOMC Member Williams speech,United States,2,,,
05/15/2018 20:00:00,Total Net TIC Flows,United States,1,-38.5,44.7,-55.6
05/15/2018 20:30:00,API Weekly Crude Oil Stock,United States,1,4.854,-1.85,
05/16/2018 00:00:00,EcoFin Meeting,European Monetary Union,2,,,
05/16/2018 07:00:00,Non-monetary policy's ECB meeting,European Monetary Union,2,,,
05/16/2018 09:00:00,Consumer Price Index (YoY),European Monetary Union,3,1.2,1.2,1.2
05/16/2018 11:00:00,MBA Mortgage Applications,United States,1,-2.7,-0.4,
05/16/2018 12:00:00,ECB President Draghi's Speech,European Monetary Union,3,,,
05/16/2018 12:30:00,Building Permits Change,United States,1,-1.8,2.5,-2.3
05/16/2018 13:15:00,Capacity Utilization,United States,2,78,78,78.4
05/16/2018 14:30:00,ECB's Praet Speech,European Monetary Union,2,,,
05/16/2018 22:30:00,Fed's Bullard speech,United States,2,,,
05/17/2018 09:00:00,Construction Output w.d.a (YoY),European Monetary Union,1,0.8,0.4,2.2
05/17/2018 10:30:00,ECB Vice President Vitor Constancio speech,European Monetary Union,2,,,
05/17/2018 12:00:00,ECB Vice President Vitor Constancio speech,European Monetary Union,2,,,
05/17/2018 12:30:00,Initial Jobless Claims,United States,2,222,211,215
05/17/2018 14:30:00,EIA Natural Gas Storage change,United States,1,106,89,105
05/17/2018 14:45:00,FOMC Member Kashkari Speech,United States,2,,,
05/17/2018 16:00:00,MPC Member Haldane Speech,United Kingdom,2,,,
05/17/2018 17:30:00,FOMC Member Kaplan Speech,United States,2,,,
05/18/2018 07:00:00,FOMC Member Mester speech,United States,2,,,
05/18/2018 08:00:00,Current Account n.s.a,European Monetary Union,1,40.6,22.7,
05/18/2018 09:00:00,Trade Balance n.s.a.,European Monetary Union,1,26.9,18.9,27.9
05/18/2018 13:15:00,FOMC Member Kaplan Speech,United States,2,,,
05/18/2018 17:00:00,Baker Hughes US Oil Rig Count,United States,2,844,844,
05/18/2018 19:30:00,CFTC Oil NC net positions,United States,1,644.4,679.9,
05/20/2018 23:01:00,Rightmove House Price Index (YoY),United Kingdom,1,1.1,1.6,
05/21/2018 09:00:00,OPEC meeting,United States,2,,,
05/21/2018 12:30:00,Chicago Fed National Activity Index ,United States,2,0.34,0.1,0.14
05/21/2018 15:30:00,3-Month Bill Auction,United States,1,1.895,1.89,
05/21/2018 16:15:00,FOMC Member Bostic speech,United States,2,,,
05/21/2018 18:05:00,FOMC Member Harker Speech,United States,2,,,
05/21/2018 21:30:00,FOMC Member Kashkari Speech,United States,2,,,
05/22/2018 08:15:00,MPC Member Vlieghe speech,United Kingdom,2,,,
05/22/2018 08:30:00,Public Sector Net Borrowing,United Kingdom,2,6.23,-0.262,7.1
05/22/2018 09:00:00,Inflation Report Hearings,United Kingdom,3,,,
05/22/2018 10:00:00,CBI Industrial Trends Survey - Orders (MoM),United Kingdom,1,-3,4,2
05/22/2018 12:55:00,Redbook index (MoM),United States,1,0,0.8,
05/22/2018 14:00:00,Richmond Fed Manufacturing Index,United States,1,16,-3,9
05/22/2018 15:30:00,52-Week Bill auction,United States,1,2.275,2.2,
05/22/2018 17:00:00,2-Year Note Auction,United States,1,2.59,2.498,
05/22/2018 20:30:00,API Weekly Crude Oil Stock,United States,1,-1.3,4.854,
05/23/2018 08:00:00,Markit Services PMI,European Monetary Union,2,53.9,54.7,54.6
05/23/2018 08:30:00,Retail Price Index (MoM),United Kingdom,2,0.5,0.1,0.5
05/23/2018 10:00:00,CBI Distributive Trades Survey - Realized (MoM),United Kingdom,1,11,-2,4
05/23/2018 11:00:00,MBA Mortgage Applications,United States,1,-2.6,-2.7,
05/23/2018 13:45:00,Markit Manufacturing PMI,United States,1,56.6,56.5,56.5
05/23/2018 14:00:00,New Home Sales (MoM),United States,2,0.662,0.694,0.679
05/23/2018 14:30:00,EIA Crude Oil Stocks change,United States,1,5.778,-1.404,-1.567
05/23/2018 17:00:00,5-Year Note Auction,United States,1,2.864,2.837,
05/23/2018 18:00:00,FOMC Minutes,United States,3,,,
05/23/2018 18:15:00,FOMC Member Kashkari Speech,United States,2,,,
05/24/2018 00:00:00,Eurogroup meeting,European Monetary Union,2,,,
05/24/2018 07:00:00,Fed's William Dudley speech,United States,2,,,
05/24/2018 08:00:00,BOE's Governor Carney speech,United Kingdom,3,,,
05/24/2018 08:15:00,Fed's William Dudley speech,United States,2,,,
05/24/2018 08:30:00,Retail Sales ex-Fuel (YoY),United Kingdom,2,1.5,1.1,0.1
05/24/2018 10:30:00,ECB's Praet Speech,European Monetary Union,2,,,
05/24/2018 11:30:00,ECB Monetary Policy Meeting Accounts,European Monetary Union,3,,,
05/24/2018 12:30:00,Initial Jobless Claims,United States,2,234,222,220
05/24/2018 13:00:00,Housing Price Index (MoM),United States,2,0.1,0.6,0.5
05/24/2018 14:00:00,Existing Home Sales (MoM),United States,2,5.46,5.6,5.57
05/24/2018 14:30:00,EIA Natural Gas Storage change,United States,1,91,106,92
05/24/2018 14:35:00,FOMC Member Bostic speech,United States,2,,,
05/24/2018 15:00:00,Kansas Fed manufacturing activity,United States,1,41,33,
05/24/2018 17:00:00,BOE's Governor Carney speech,United Kingdom,3,,,
05/24/2018 18:00:00,FOMC Member Harker Speech,United States,2,,,
05/25/2018 00:00:00,EcoFin Meeting,European Monetary Union,2,,,
05/25/2018 08:30:00,BBA Mortgage Approvals,United Kingdom,1,38.049,37.567,37.5
05/25/2018 12:30:00,Durable Goods Orders,United States,2,-1.7,2.6,-1.4
05/25/2018 13:15:00,ECB Cœuré Speech,European Monetary Union,2,,,
05/25/2018 13:20:00,BOE's Governor Carney speech,United Kingdom,3,,,
05/25/2018 14:00:00,Michigan Consumer Sentiment Index,United States,1,98,98.8,98.8
05/25/2018 15:45:00,FOMC Member Kaplan Speech,United States,2,,,
05/25/2018 17:00:00,Baker Hughes US Oil Rig Count,United States,2,859,844,
05/25/2018 19:30:00,CFTC GBP NC net positions,United Kingdom,1,5.7,5.6,
05/28/2018 00:00:00,Spring Bank Holiday,United Kingdom,0,,,
05/29/2018 04:40:00,Fed's Bullard speech,United States,2,,,
05/29/2018 08:00:00,M3 Money Supply (YoY),European Monetary Union,1,3.9,3.7,3.9
05/29/2018 10:30:00,ECB's Mersch speech,European Monetary Union,2,,,
05/29/2018 13:00:00,S&P/Case-Shiller Home Price Indices (YoY),United States,2,6.8,6.8,6.5
05/29/2018 14:30:00,Dallas Fed Manufacturing Business Index,United States,1,26.8,21.8,23.3
05/29/2018 15:30:00,4-Week Bill Auction,United States,1,1.75,1.72,
05/29/2018 16:30:00,ECB's Lautenschläger Speech,European Monetary Union,2,,,
05/29/2018 23:01:00,BRC Shop Price Index (YoY),United Kingdom,1,-1.1,-1,
05/30/2018 09:00:00,Industrial Confidence,European Monetary Union,1,6.8,7.1,6.7
05/30/2018 11:00:00,MBA Mortgage Applications,United States,1,-2.9,-2.6,
05/30/2018 12:15:00,ADP Employment Change,United States,2,178,204,190
05/30/2018 12:30:00,Gross Domestic Product Price Index,United States,2,1.9,2,2
05/30/2018 12:55:00,Redbook index (MoM),United States,1,0.1,0,
05/30/2018 18:00:00,Fed's Beige Book,United States,2,,,
05/30/2018 20:30:00,API Weekly Crude Oil Stock,United States,1,1.001,-1.3,
05/30/2018 23:01:00,Gfk Consumer Confidence,United Kingdom,2,-7,-9,-8
05/31/2018 00:00:00,G7 Meeting,European Monetary Union,3,,,
05/31/2018 06:00:00,Nationwide Housing Prices s.a (MoM),United Kingdom,1,-0.2,0.2,0.2
05/31/2018 08:30:00,Net Lending to Individuals (MoM),United Kingdom,1,5.7,5.4,5.2
05/31/2018 09:00:00,Unemployment Rate,European Monetary Union,2,8.5,8.5,8.4
05/31/2018 11:30:00,Challenger Job Cuts (YoY),United States,1,31.517,36.081,
05/31/2018 12:00:00,Fed's Bullard speech,United States,2,,,
05/31/2018 12:30:00,Personal Consumption Expenditures - Price Index (MoM),United States,2,0.2,0,0.2
05/31/2018 13:45:00,Chicago Purchasing Managers' Index,United States,2,62.7,57.6,58
05/31/2018 14:00:00,Pending Home Sales (YoY),United States,1,0.4,-4.4,
05/31/2018 14:30:00,EIA Natural Gas Storage change,United States,1,96,91,102
05/31/2018 15:00:00,EIA Crude Oil Stocks change,United States,1,-3.62,5.778,-1.2
05/31/2018 16:45:00,FOMC Member Bostic speech,United States,2,,,
05/31/2018 17:00:00,FOMC Member Brainard Speech,United States,2,,,
1/6/2018 0:00,G7 Meeting,European Monetary Union,3,,,
1/6/2018 0:30,FOMC Member Kaplan Speech,United States,2,,,
1/6/2018 8:00,Markit Manufacturing PMI,European Monetary Union,2,55.5,55.5,55.5
1/6/2018 8:30,Markit Manufacturing PMI,United Kingdom,2,54.4,53.9,53.5
1/6/2018 12:30,Average Weekly Hours,United States,1,34.5,34.5,34.5
1/6/2018 12:55,FOMC Member Kashkari Speech,United States,2,,,
1/6/2018 13:45,Markit Manufacturing PMI,United States,1,56.4,56.6,56.6
1/6/2018 14:00,ISM Prices Paid,United States,2,79.5,79.3,78.2
1/6/2018 17:00,Baker Hughes US Oil Rig Count,United States,2,861,859,
1/6/2018 19:30,CFTC Oil NC net positions,United States,1,607.8,633.4,
2/6/2018 0:00,G7 Meeting,European Monetary Union,3,,,
4/6/2018 8:30,Sentix Investor Confidence,European Monetary Union,1,9.3,19.2,18.4
4/6/2018 9:00,Producer Price Index (YoY),European Monetary Union,1,2,2.1,2.4
4/6/2018 13:45,ISM NY index - Business Conditions,United States,1,66.9,64.3,
4/6/2018 14:00,Factory Orders (MoM),United States,2,-0.8,1.6,-0.5
4/6/2018 15:30,3-Month Bill Auction,United States,1,1.91,1.895,
4/6/2018 17:00,MPC Member Tenreyro Speech,United Kingdom,2,,,
4/6/2018 23:01,BRC Like-For-Like Retail Sales (YoY),United Kingdom,2,2.8,-4.2,-0.8
5/6/2018 8:00,Markit Services PMI,European Monetary Union,2,53.8,53.9,53.9
5/6/2018 8:30,Markit Services PMI,United Kingdom,2,54,52.8,53
5/6/2018 9:00,Retail Sales (MoM),European Monetary Union,1,0.1,0.1,0.5
5/6/2018 10:00,MPC Member Cunliffe Speech,United Kingdom,2,,,
5/6/2018 12:55,Redbook index (YoY),United States,1,4,4.3,
5/6/2018 13:45,Markit Services PMI,United States,2,56.8,55.7,55.7
5/6/2018 14:00,JOLTS Job Openings,United States,1,6.698,6.55,6.4
5/6/2018 15:30,4-Week Bill Auction,United States,1,1.78,1.75,
5/6/2018 20:30,API Weekly Crude Oil Stock,United States,1,-2.028,1.001,
6/6/2018 6:30,ECB's Praet Speech,European Monetary Union,2,,,
6/6/2018 8:00,ECB's Praet Speech,European Monetary Union,2,,,
6/6/2018 10:40,MPC Member Tenreyro Speech,United Kingdom,2,,,
6/6/2018 11:00,MBA Mortgage Applications,United States,1,4.1,-2.9,
6/6/2018 12:30,Trade Balance,United States,2,-46.2,-49,-49
6/6/2018 14:30,EIA Crude Oil Stocks change,United States,1,2.072,-3.62,-1.824
6/6/2018 16:00,MPC Member McCafferty speech,United Kingdom,2,,,
7/6/2018 7:30,Halifax House Prices (MoM),United Kingdom,1,1.5,-3.1,1
7/6/2018 9:00,Gross Domestic Product s.a. (YoY),European Monetary Union,3,2.5,2.5,2.5
7/6/2018 12:30,Continuing Jobless Claims,United States,2,1.741,1.726,1.738
7/6/2018 14:30,EIA Natural Gas Storage change,United States,1,92,96,90
7/6/2018 15:00,BOE Ramsden Speech,United Kingdom,2,,,
7/6/2018 19:00,Consumer Credit Change,United States,2,9.26,11.62,13.75
8/6/2018 0:00,G7 Meeting,European Monetary Union,3,,,
8/6/2018 8:15,ECB's Mersch speech,European Monetary Union,2,,,
8/6/2018 8:30,Consumer Inflation Expectations,United Kingdom,1,2.9,2.9,
8/6/2018 14:00,Wholesale Inventories,United States,1,0.1,0,0
8/6/2018 14:51,IBD/TIPP Economic Optimism (MoM),United States,1,53.9,53.6,54.2
8/6/2018 17:00,Baker Hughes US Oil Rig Count,United States,2,862,861,
8/6/2018 19:30,CFTC GBP NC net positions,United Kingdom,1,7.3,9.5,
9/6/2018 0:00,G7 Meeting,European Monetary Union,3,,,
11/6/2018 8:30,Industrial Production (MoM),United Kingdom,2,-0.8,0.1,0.2
11/6/2018 11:21,NIESR GDP Estimate (3M),United Kingdom,1,0.2,0.1,0.3
11/6/2018 15:30,3-Month Bill Auction,United States,1,1.91,1.91,
11/6/2018 17:00,3-Year Note Auction,United States,1,2.664,2.664,